Run #,DOI,MEA ID,Design description,AEDH,Coating method,Coating substrate,EG,Pattern,JM time,Drymill time (hrs),Drying temp (deg C),Catalyst,Ionomer,EW,I/C,Pt loading (mg/cm2geo),Mass loading (mg/cm2geo),Hot pressed,Transfer substrate,Membrane,Anode,GDL,plates,Station,HOT 2.4 (V),HOT 2.1 (V),HOT 1.9 (V),HOT 1.7 (V),HOT 1.5 (V),HOT 1.2 (V),HOT 1.0 (V),HOT 0.6 (V),HOT 0.2 (V),HOT 0.1 (V),HOT 0.05 (V),HOT OCV (V),NOC 2.4 (V),NOC 2.1 (V),NOC 1.9 (V),NOC 1.7 (V),NOC 1.5 (V),NOC 1.2 (V),NOC 1.0 (V),NOC 0.6 (V),NOC 0.2 (V),NOC 0.1 (V),NOC 0.05 (V),NOC OCV (V),WUP 2.4 (V),WUP 2.1 (V),WUP 1.9 (V),WUP 1.7 (V),WUP 1.5 (V),WUP 1.2 (V),WUP 1.0 (V),WUP 0.6 (V),WUP 0.2 (V),WUP 0.1 (V),WUP 0.05 (V),WUP OCV (V),HOT 1.6,NOC 1.9,WUP 1.5,85C 30%RH at 0.1A/cm2 (V),85C 50%RH at 0.1A/cm2 (V),85C 70%RH at 0.1A/cm2 (V),85C 100%RH at 0.1A/cm2 (V),85C 30%RH at 1.9A/cm2 (V),85C 50%RH at 1.9A/cm2 (V),85C 70%RH at 1.9A/cm2 (V),85C 100%RH at 1.9A/cm2 (V),68C 30%RH at 0.1A/cm2 (V),68C 50%RH at 0.1A/cm2 (V),68C 70%RH at 0.1A/cm2 (V),68C 100%RH at 0.1A/cm2 (V),68C 30%RH at 1.9A/cm2 (V),68C 50%RH at 1.9A/cm2 (V),68C 70%RH at 1.9A/cm2 (V),68C 100%RH at 1.9A/cm2 (V),40C 30%RH at 0.1A/cm2 (V),40C 50%RH at 0.1A/cm2 (V),40C 70%RH at 0.1A/cm2 (V),40C 100%RH at 0.1A/cm2 (V),40C 30%RH at 1.9A/cm2 (V),40C 50%RH at 1.9A/cm2 (V),40C 70%RH at 1.9A/cm2 (V),40C 100%RH at 1.9A/cm2 (V),85C 30%RH EPSA,85C 50%RH EPSA,85C 70%RH EPSA,85C 100%RH EPSA,68C 30%RH EPSA,68C 50%RH EPSA,68C 70%RH EPSA,68C 100%RH EPSA,40C 30%RH EPSA,40C 50%RH EPSA,40C 70%RH EPSA,40C 100%RH EPSA,85C ionomer/Pt coverage (EPSA ratio),68C ionomer/Pt coverage (EPSA ratio),40C ionomer/Pt coverage (EPSA ratio),85C 30%RH Cdl from CV (F/cm2 geo),85C 50%RH Cdl from CV (F/cm2 geo),85C 70%RH Cdl from CV (F/cm2 geo),85C 100%RH Cdl from CV (F/cm2 geo),68C 30%RH Cdl from CV (F/cm2 geo),68C 50%RH Cdl from CV (F/cm2 geo),68C 70%RH Cdl from CV (F/cm2 geo),68C 100%RH Cdl from CV (F/cm2 geo),40C 30%RH Cdl from CV (F/cm2 geo),40C 50%RH Cdl from CV (F/cm2 geo),40C 70%RH Cdl from CV (F/cm2 geo),40C 100%RH Cdl from CV (F/cm2 geo),85C ionomer coverage (Cdl ratio),68C ionomer coverage (Cdl ratio),40C ionomer coverage (Cdl ratio),85C 30%RH Rhsort (mΩcm2),85C 50%RH Rhsort (mΩcm2),85C 70%RH Rhsort (mΩcm2),85C 100%RH Rhsort (mΩcm2),68C 30%RH Rhsort (mΩcm2),68C 50%RH Rhsort (mΩcm2),68C 70%RH Rhsort (mΩcm2),68C 100%RH Rhsort (mΩcm2),40C 30%RH Rhsort (mΩcm2),40C 50%RH Rhsort (mΩcm2),40C 70%RH Rhsort (mΩcm2),40C 100%RH Rhsort (mΩcm2),85C 30%RH Ix-over (A/cm2),85C 50%RH Ix-over (A/cm2),85C 70%RH Ix-over (A/cm2),85C 100%RH Ix-over (A/cm2),68C 30%RH Ix-over (A/cm2),68C 50%RH Ix-over (A/cm2),68C 70%RH Ix-over (A/cm2),68C 100%RH Ix-over (A/cm2),40C 30%RH Ix-over (A/cm2),40C 50%RH Ix-over (A/cm2),40C 70%RH Ix-over (A/cm2),40C 100%RH Ix-over (A/cm2),85C 30%RH RΩ (mΩcm2),85C 50%RH RΩ (mΩcm2),85C 70%RH RΩ (mΩcm2),85C 100%RH RΩ (mΩcm2),68C 30%RH RΩ (mΩcm2),68C 50%RH RΩ (mΩcm2),68C 70%RH RΩ (mΩcm2),68C 100%RH RΩ (mΩcm2),40C 30%RH RΩ (mΩcm2),40C 50%RH RΩ (mΩcm2),40C 70%RH RΩ (mΩcm2),40C 100%RH RΩ (mΩcm2),85C 30%RH Rion-CL (mΩcm2),85C 50%RH Rion-CL (mΩcm2),85C 70%RH Rion-CL (mΩcm2),85C 100%RH Rion-CL (mΩcm2),68C 30%RH Rion-CL (mΩcm2),68C 50%RH Rion-CL (mΩcm2),68C 70%RH Rion-CL (mΩcm2),68C 100%RH Rion-CL (mΩcm2),40C 30%RH Rion-CL (mΩcm2),40C 50%RH Rion-CL (mΩcm2),40C 70%RH Rion-CL (mΩcm2),40C 100%RH Rion-CL (mΩcm2),85C 30%RH Rtotal (mΩcm2),85C 50%RH Rtotal (mΩcm2),85C 70%RH Rtotal (mΩcm2),85C 100%RH Rtotal (mΩcm2),68C 30%RH Rtotal (mΩcm2),68C 50%RH Rtotal (mΩcm2),68C 70%RH Rtotal (mΩcm2),68C 100%RH Rtotal (mΩcm2),40C 30%RH Rtotal (mΩcm2),40C 50%RH Rtotal (mΩcm2),40C 70%RH Rtotal (mΩcm2),40C 100%RH Rtotal (mΩcm2),68C 100%RH O2 at 1.0A/cm2 (V),68C 100%RH O2 at 0.465A/cm2 (V),68C 100%RH O2 at 0.215A/cm2 (V),68C 100%RH O2 at 0.1A/cm2 (V),68C 100%RH O2 at 0.055A/cm2 (V),68C 100%RH O2 at 0.032A/cm2 (V),68C 100%RH O2 at 0.018A/cm2 (V),68C 100%RH O2 at 0.01A/cm2 (V),Tafel slope (mV/dec),i0.9V (A/cm2geo),Mass Activity from i0.9V (A/gPt),Spec Activity from i0.9V (A/cm2Pt),Rint - fitting all O2 pts (s/m),slope - fitting all O2 pts (s/m/Pa),Rdm at 2bara (s/m),Rmt at 2bara (s/m),Rnp - corrected for Bch=1.01 (s/m),D/D0 (%),Leff (um),Rnp (matlab) - corrected for Bch=1.01 (s/m),slope (matlab) - all points (s/m/Pa),Ionomer to EPSA (cm3/cm2 active),Rknud at 50C 75%RH (s/m),Rknud at 60C 75%RH (s/m),Rknud at 68C 75%RH (s/m),Rknud at 75C 75%RH (s/m),Rknud at 85C 75%RH (s/m),Rionomer at 50C 75%RH (s/m),Rionomer at 60C 75%RH (s/m),Rionomer at 68C 75%RH (s/m),Rionomer at 75C 75%RH (s/m),Rionomer at 85C 75%RH (s/m),Rknud at 85C 30%RH (s/m),Rknud at 85C 40%RH (s/m),Rknud at 85C 50%RH (s/m),Rknud at 85C 60%RH (s/m),Rknud at 85C 70%RH (s/m),Rknud at 85C 80%RH (s/m),Rknud at 85C 90%RH (s/m),Rionomer at 85C 30%RH (s/m),Rionomer at 85C 40%RH (s/m),Rionomer at 85C 50%RH (s/m),Rionomer at 85C 60%RH (s/m),Rionomer at 85C 70%RH (s/m),Rionomer at 85C 80%RH (s/m),Rionomer at 85C 90%RH (s/m)
RN0721-28,1,54424,IC0.7 DM6hr DT55C,2403,MB,decal,no,continuous,1d+7d,6,55,F50E-HT,AquivionD79-25BS,790,0.7,0.25,,yes,Gore HCCM,MX10.15,Gore anode,HW4 B2.2,plate,Ford,0.459,0.477,0.482,0.493,0.499,0.519,0.535,0.59,0.704,0.754,0.789,0.93,0.574,0.591,0.602,0.612,0.622,0.64,0.654,0.69,0.762,0.784,0.761,0.922,0.531,0.56,0.578,0.598,0.618,0.652,0.674,0.72,0.777,0.807,0.833,0.96,#ERROR!,#ERROR!,#ERROR!,0.729,0.802,0.837,0.856,0.117,0.447,0.595,0.631,0.738,0.802,0.837,0.863,0.262,0.563,0.608,0.647,0.746,0.802,0.841,0.858,0.55,0.561,0.563,0.564,63,64,67,68,62,67,67,70,66,68,75,79,#ERROR!,#ERROR!,#ERROR!,,,,,,,,,,,,,#ERROR!,#ERROR!,#ERROR!,,,,,,,,,,,,,,,,,,,,,,,,,,,,,,,,,,,,,,,,,,,,,,,,,#ERROR!,#ERROR!,#ERROR!,#ERROR!,#ERROR!,#ERROR!,#ERROR!,#ERROR!,#ERROR!,#ERROR!,#ERROR!,#ERROR!,0.751,0.811,0.849,0.876,0.893,0.908,0.921,0.934,,,,,,,,#ERROR!,,,,34.6,0.00029,#ERROR!,,,,,,,,,,,,,,,,,,,,,,,,
RN0721-30,2,54425,IC0.7 DM24hr DT55C,2402,MB,PTFE,no,continuous,1d+7d,24,55,F50E-HT,AquivionD79-25BS,790,0.7,0.25,,yes,Gore HCCM,MX10.15,Gore anode,HW4 B2.2,plate,Ford,0.49,0.51,0.518,0.528,0.534,0.55,0.564,0.615,0.717,0.764,0.796,0.915,0.579,0.6,0.612,0.623,0.633,0.652,0.667,0.703,0.768,0.794,0.778,0.908,0.498,0.546,0.574,0.601,0.626,0.66,0.68,0.723,0.778,0.808,0.833,0.94,#ERROR!,#ERROR!,#ERROR!,0.744,0.806,0.84,0.856,0.107,0.463,0.589,0.628,0.752,0.808,0.842,0.86,0.291,0.567,0.602,0.64,0.759,0.808,0.844,0.854,0.531,0.536,0.535,0.533,69,70,74,75,70,74,77,78,77,81,87,85,#ERROR!,#ERROR!,#ERROR!,,,,,,,,,,,,,#ERROR!,#ERROR!,#ERROR!,,,,,,,,,,,,,,,,,,,,,,,,,,,,,,,,,,,,,,,,,,,,,,,,,#ERROR!,#ERROR!,#ERROR!,#ERROR!,#ERROR!,#ERROR!,#ERROR!,#ERROR!,#ERROR!,#ERROR!,#ERROR!,#ERROR!,,,,,,,,,,,,,32.2,0.000487,97.5,#ERROR!,37.9,22%,936,41.1,0.000306,#ERROR!,,,,,,,,,,,,,,,,,,,,,,,,
RN0721-30,3,54449,IC0.7 DM24hr DT55C (rpt),2449,MB,PTFE,no,continuous,1d+7d,24,55,F50E-HT,AquivionD79-25BS,790,0.7,0.25,,yes,Gore HCCM,MX10.15,Gore anode,HW4 B2.2,plate,Ford,0.462,0.483,0.49,0.501,0.508,0.525,0.536,0.586,0.694,0.748,0.787,0.919,0.571,0.59,0.601,0.611,0.621,0.639,0.653,0.688,0.762,0.789,0.73,0.903,0.488,0.527,0.551,0.577,0.603,0.642,0.666,0.717,0.776,0.807,0.832,0.952,#ERROR!,#ERROR!,#ERROR!,0.741,0.809,0.842,0.852,0.105,0.491,0.591,0.62,0.752,0.808,0.843,0.86,0.419,0.566,0.6,0.641,0.766,0.81,0.845,0.853,0.523,0.524,0.52,0.517,59,62,60,63,57,64,67,68,65,69,71,76,#ERROR!,#ERROR!,#ERROR!,,,,,,,,,,,,,#ERROR!,#ERROR!,#ERROR!,,,,,,,,,,,,,,,,,,,,,,,,,,,,,,,,,,,,,,,,,,,,,,,,,#ERROR!,#ERROR!,#ERROR!,#ERROR!,#ERROR!,#ERROR!,#ERROR!,#ERROR!,#ERROR!,#ERROR!,#ERROR!,#ERROR!,0.743,0.802,0.841,0.869,0.887,0.901,0.915,0.927,,,,,,,,#ERROR!,,,,41.2,0.000305,#ERROR!,,,,,,,,,,,,,,,,,,,,,,,,
RN0721-32,4,54428,IC0.7 DM48hr DT55C,2403,MB,PTFE,no,continuous,1d+7d,48,55,F50E-HT,AquivionD79-25BS,790,0.7,0.25,,yes,Gore HCCM,MX10.15,Gore anode,HW4 B2.2,plate,Ford,0.483,0.499,0.507,0.517,0.524,0.541,0.551,0.598,0.706,0.762,0.797,0.917,0.563,0.583,0.596,0.608,0.62,0.641,0.657,0.699,0.763,0.792,0.782,0.92,0.331,0.371,0.399,0.434,0.477,0.555,0.605,0.699,0.765,0.801,0.829,0.95,#ERROR!,#ERROR!,#ERROR!,0.784,0.823,0.845,0.851,0.126,0.536,0.593,0.633,0.784,0.827,0.85,0.856,0.51,0.582,0.613,0.619,0.791,0.827,0.848,0.84,0.422,0.386,0.342,0.237,54,56,57,57,52,58,58,64,59,58,63,67,#ERROR!,#ERROR!,#ERROR!,,,,,,,,,,,,,#ERROR!,#ERROR!,#ERROR!,,,,,,,,,,,,,,,,,,,,,,,,,,,,,,,,,,,,,,,,,,,,,,,,,#ERROR!,#ERROR!,#ERROR!,#ERROR!,#ERROR!,#ERROR!,#ERROR!,#ERROR!,#ERROR!,#ERROR!,#ERROR!,#ERROR!,0.733,0.794,0.835,0.865,0.883,0.897,0.911,0.923,,,,,,,,#ERROR!,,,,48.8,0.000304,#ERROR!,,,,,,,,,,,,,,,,,,,,,,,,
RN0721-29,5,54426,IC0.9 DM6hr DT55C,2403,MB,PTFE,no,continuous,1d+7d,6,55,F50E-HT,AquivionD79-25BS,790,0.9,0.25,,yes,Gore HCCM,MX10.15,Gore anode,HW4 B2.2,plate,Ford,0.517,0.535,0.542,0.551,0.556,0.57,0.58,0.627,0.727,0.776,0.808,0.925,0.585,0.603,0.615,0.625,0.636,0.655,0.67,0.708,0.77,0.799,0.795,0.93,0.516,0.555,0.578,0.601,0.624,0.657,0.677,0.722,0.778,0.808,0.834,0.952,#ERROR!,#ERROR!,#ERROR!,0.79,0.83,0.851,0.859,0.377,0.569,0.612,0.642,0.789,0.831,0.852,0.861,0.544,0.599,0.619,0.65,0.791,0.831,0.851,0.856,0.552,0.553,0.552,0.565,63,67,68,71,63,66,66,74,71,69,77,78,#ERROR!,#ERROR!,#ERROR!,,,,,,,,,,,,,#ERROR!,#ERROR!,#ERROR!,,,,,,,,,,,,,,,,,,,,,,,,,,,,,,,,,,,,,,,,,,,,,,,,,#ERROR!,#ERROR!,#ERROR!,#ERROR!,#ERROR!,#ERROR!,#ERROR!,#ERROR!,#ERROR!,#ERROR!,#ERROR!,#ERROR!,0.753,0.809,0.847,0.875,0.892,0.906,0.919,0.931,,,,,,,,#ERROR!,,,,35,0.000292,#ERROR!,,,,,,,,,,,,,,,,,,,,,,,,
RN0721-29,6,54450,IC0.9 DM6hr DT55C (rpt),2449,MB,PTFE,no,continuous,1d+7d,6,55,F50E-HT,AquivionD79-25BS,790,0.9,0.25,,yes,Gore HCCM,MX10.15,Gore anode,HW4 B2.2,plate,Ford,0.526,0.547,0.556,0.567,0.575,0.592,0.604,0.652,0.738,0.78,0.811,0.916,0.603,0.62,0.63,0.64,0.649,0.667,0.68,0.715,0.777,0.806,0.789,0.911,0.503,0.542,0.566,0.591,0.616,0.652,0.673,0.724,0.778,0.81,0.835,0.938,#ERROR!,#ERROR!,#ERROR!,0.794,0.833,0.852,0.859,0.397,0.568,0.613,0.639,0.795,0.833,0.853,0.861,0.552,0.603,0.621,0.646,0.798,0.834,0.854,0.856,0.546,0.547,0.544,0.549,64,67,68,71,64,69,71,72,70,77,80,82,#ERROR!,#ERROR!,#ERROR!,,,,,,,,,,,,,#ERROR!,#ERROR!,#ERROR!,,,,,,,,,,,,,,,,,,,,,,,,,,,,,,,,,,,,,,,,,,,,,,,,,#ERROR!,#ERROR!,#ERROR!,#ERROR!,#ERROR!,#ERROR!,#ERROR!,#ERROR!,#ERROR!,#ERROR!,#ERROR!,#ERROR!,0.754,0.81,0.847,0.875,0.893,0.906,0.919,0.93,,,,,,,,#ERROR!,,,,37.1,0.000286,#ERROR!,,,,,,,,,,,,,,,,,,,,,,,,
RN0721-23,7,54429,IC0.9 DM24hr DT55C,2403,MB,PTFE,no,continuous,1d+7d,24,55,F50E-HT,AquivionD79-25BS,790,0.9,0.25,,yes,Gore HCCM,MX10.15,Gore anode,HW4 B2.2,plate,Ford,0.529,0.548,0.558,0.568,0.575,0.592,0.604,0.65,0.749,0.789,0.816,0.951,0.604,0.624,0.636,0.646,0.657,0.677,0.691,0.724,0.775,0.804,0.815,0.958,0.304,0.347,0.38,0.417,0.457,0.524,0.578,0.688,0.761,0.797,0.824,0.963,#ERROR!,#ERROR!,#ERROR!,0.815,0.844,0.852,0.856,0.439,0.581,0.622,0.659,0.815,0.848,0.856,0.852,0.573,0.613,0.637,0.624,0.809,0.84,0.849,0.827,0.372,0.325,0.276,0.196,56,60,62,63,58,62,62,69,64,63,69,72,#ERROR!,#ERROR!,#ERROR!,,,,,,,,,,,,,#ERROR!,#ERROR!,#ERROR!,,,,,,,,,,,,,,,,,,,,,,,,,,,,,,,,,,,,,,,,,,,,,,,,,#ERROR!,#ERROR!,#ERROR!,#ERROR!,#ERROR!,#ERROR!,#ERROR!,#ERROR!,#ERROR!,#ERROR!,#ERROR!,#ERROR!,0.746,0.799,0.836,0.866,0.884,0.899,0.913,0.925,,,,,,,,#ERROR!,,,,49.2,0.000285,#ERROR!,,,,,,,,,,,,,,,,,,,,,,,,
RN0721-33,8,54430,IC0.9 DM48hr DT55C,2403,MB,PTFE,no,continuous,1d+7d,48,55,F50E-HT,AquivionD79-25BS,790,0.9,0.25,,yes,Gore HCCM,MX10.15,Gore anode,HW4 B2.2,plate,Ford,0.366,0.42,0.45,0.479,0.504,0.544,0.571,0.643,0.755,0.793,0.82,0.937,0.473,0.513,0.54,0.566,0.593,0.634,0.661,0.711,0.769,0.804,0.824,0.946,0.122,0.121,0.12,0.119,0.118,0.338,0.421,0.586,0.722,0.774,0.809,0.943,#ERROR!,#ERROR!,#ERROR!,0.821,0.847,0.852,0.854,0.13,0.483,0.533,0.552,0.82,0.85,0.854,0.815,0.446,0.525,0.562,0.455,0.812,0.837,0.842,0.783,0.198,0.122,0.118,0.104,54,56,58,60,54,59,59,64,60,60,65,65,#ERROR!,#ERROR!,#ERROR!,,,,,,,,,,,,,#ERROR!,#ERROR!,#ERROR!,,,,,,,,,,,,,,,,,,,,,,,,,,,,,,,,,,,,,,,,,,,,,,,,,#ERROR!,#ERROR!,#ERROR!,#ERROR!,#ERROR!,#ERROR!,#ERROR!,#ERROR!,#ERROR!,#ERROR!,#ERROR!,#ERROR!,0.684,0.75,0.802,0.845,0.873,0.893,0.91,0.924,,,,,,,,#ERROR!,,,,86.6,0.000292,#ERROR!,,,,,,,,,,,,,,,,,,,,,,,,
RN0721-21,9,54427,IC1.1 DM6hr DT55C,2396,MB,PTFE,no,continuous,1d+7d,6,55,F50E-HT,AquivionD79-25BS,790,1.1,0.25,,yes,Gore HCCM,MX10.15,Gore anode,HW4 B2.2,plate,Ford,0.547,0.568,0.58,0.591,0.601,0.619,0.632,0.675,0.762,0.797,0.824,0.942,0.607,0.627,0.639,0.65,0.661,0.68,0.694,0.727,0.778,0.808,0.827,0.951,0.209,0.269,0.311,0.351,0.4,0.495,0.565,0.692,0.765,0.801,0.831,0.963,#ERROR!,#ERROR!,#ERROR!,0.825,0.85,0.855,0.858,0.509,0.583,0.625,0.648,0.828,0.855,0.859,0.859,0.601,0.626,0.63,0.621,0.826,0.849,0.855,0.835,0.29,0.228,0.159,0.113,62,64,66,68,62,65,69,69,67,72,75,78,#ERROR!,#ERROR!,#ERROR!,,,,,,,,,,,,,#ERROR!,#ERROR!,#ERROR!,,,,,,,,,,,,,,,,,,,,,,,,,,,,,,,,,,,,,,,,,,,,,,,,,#ERROR!,#ERROR!,#ERROR!,#ERROR!,#ERROR!,#ERROR!,#ERROR!,#ERROR!,#ERROR!,#ERROR!,#ERROR!,#ERROR!,0.751,0.807,0.845,0.873,0.891,0.905,0.919,0.931,,,,,,,,#ERROR!,,,,19.4,0.000415,#ERROR!,,,,,,,,,,,,,,,,,,,,,,,,
RN0721-21,10,54451,IC1.1 DM6hr DT55C (rpt),2449,MB,PTFE,no,continuous,1d+7d,6,55,F50E-HT,AquivionD79-25BS,790,1.1,0.25,,yes,Gore HCCM,MX10.15,Gore anode,HW4 B2.2,plate,Ford,0.541,0.565,0.576,0.59,0.6,0.619,0.632,0.676,0.761,0.796,0.823,0.946,0.602,0.622,0.633,0.644,0.656,0.676,0.69,0.724,0.779,0.811,0.822,0.946,0.181,0.231,0.264,0.299,0.349,0.433,0.52,0.69,0.766,0.806,0.836,0.97,#ERROR!,#ERROR!,#ERROR!,0.826,0.849,0.854,0.858,0.504,0.582,0.622,0.649,0.833,0.855,0.858,0.858,0.583,0.616,0.629,0.617,0.826,0.849,0.858,0.834,0.227,0.186,0.139,0.094,63,64,65,69,63,68,70,69,69,75,76,77,#ERROR!,#ERROR!,#ERROR!,,,,,,,,,,,,,#ERROR!,#ERROR!,#ERROR!,,,,,,,,,,,,,,,,,,,,,,,,,,,,,,,,,,,,,,,,,,,,,,,,,#ERROR!,#ERROR!,#ERROR!,#ERROR!,#ERROR!,#ERROR!,#ERROR!,#ERROR!,#ERROR!,#ERROR!,#ERROR!,#ERROR!,0.746,0.803,0.842,0.87,0.889,0.903,0.917,0.93,,,,,,,,#ERROR!,,,,43.5,0.000294,#ERROR!,,,,,,,,,,,,,,,,,,,,,,,,
RN0721-22,11,54516,IC1.1 DM24hr DT55C,2449,MB,PTFE,no,continuous,1d+7d,24,55,F50E-HT,AquivionD79-25BS,790,1.1,0.25,,yes,Gore HCCM,MX10.15,Gore anode,HW4 B2.2,plate,Ford,0.108,0.108,0.107,0.107,0.106,0.106,0.105,0.403,0.719,0.779,0.815,0.953,0.109,0.108,0.108,0.107,0.107,0.349,0.451,0.618,0.734,0.786,0.821,0.962,0.102,0.101,0.101,0.101,0.101,0.1,0.101,0.1,0.515,0.699,0.764,0.944,#ERROR!,#ERROR!,#ERROR!,0.821,0.849,0.851,0.845,0.104,0.107,0.109,0.109,0.816,0.851,0.852,0.791,0.106,0.109,0.11,0.106,0.801,0.821,0.821,0.739,0.103,0.102,0.1,0.096,58,60,60,63,58,60,63,63,66,66,71,61,#ERROR!,#ERROR!,#ERROR!,,,,,,,,,,,,,#ERROR!,#ERROR!,#ERROR!,,,,,,,,,,,,,,,,,,,,,,,,,,,,,,,,,,,,,,,,,,,,,,,,,#ERROR!,#ERROR!,#ERROR!,#ERROR!,#ERROR!,#ERROR!,#ERROR!,#ERROR!,#ERROR!,#ERROR!,#ERROR!,#ERROR!,0.645,0.728,0.781,0.833,0.867,0.891,0.91,0.926,,,,,,,,#ERROR!,,,,173.6,0.000356,,,,,,,,,,,,,,,,,,,,,,,,,
RN0721-31 (55C),12,54432,IC1.1 DM48hr DT55C,2402,MB,PTFE,no,continuous,1d+7d,48,55,F50E-HT,AquivionD79-25BS,790,1.1,0.25,,yes,Gore HCCM,MX10.15,Gore anode,HW4 B2.2,plate,Ford,0.104,0.104,0.103,0.102,0.102,0.101,0.101,0.1,0.683,0.768,0.811,0.935,0.104,0.104,0.104,0.103,0.103,0.102,0.102,0.475,0.699,0.773,0.815,0.94,0.1,0.099,0.099,0.099,0.099,0.099,0.099,0.099,0.29,0.648,0.744,0.929,#ERROR!,#ERROR!,#ERROR!,0.817,0.845,0.849,0.834,0.102,0.105,0.107,0.107,0.814,0.848,0.849,0.764,0.102,0.106,0.107,0.1,0.799,0.82,0.816,0.678,0.102,0.101,0.1,0.099,59,59,66,68,59,64,69,71,65,70,76,61,#ERROR!,#ERROR!,#ERROR!,,,,,,,,,,,,,#ERROR!,#ERROR!,#ERROR!,,,,,,,,,,,,,,,,,,,,,,,,,,,,,,,,,,,,,,,,,,,,,,,,,#ERROR!,#ERROR!,#ERROR!,#ERROR!,#ERROR!,#ERROR!,#ERROR!,#ERROR!,#ERROR!,#ERROR!,#ERROR!,#ERROR!,,,,,,,,,,,,,207.3,0.000616,123.2,#ERROR!,213.5,18%,1182,212.3,0.00045,#ERROR!,,,,,,,,,,,,,,,,,,,,,,,,
RN0721-31 (55C),13,54433,IC1.1 DM48hr DT55C (rpt),2396,MB,PTFE,no,continuous,1d+7d,48,55,F50E-HT,AquivionD79-25BS,790,1.1,0.25,,yes,Gore HCCM,MX10.15,Gore anode,HW4 B2.2,plate,Ford,0.104,0.104,0.103,0.103,0.102,0.101,0.101,0.1,0.634,0.747,0.799,0.945,0.106,0.105,0.105,0.105,0.104,0.103,0.103,0.429,0.677,0.769,0.813,0.957,0.099,0.101,0.102,0.1,0.099,0.099,0.098,0.106,0.19,0.638,0.733,0.943,#ERROR!,#ERROR!,#ERROR!,0.814,0.841,0.842,0.828,0.101,0.105,0.106,0.106,0.81,0.843,0.841,0.754,0.101,0.105,0.107,0.099,0.788,0.805,0.799,0.62,0.102,0.101,0.1,0.102,50,53,54,56,50,54,57,58,58,62,63,51,#ERROR!,#ERROR!,#ERROR!,,,,,,,,,,,,,#ERROR!,#ERROR!,#ERROR!,,,,,,,,,,,,,,,,,,,,,,,,,,,,,,,,,,,,,,,,,,,,,,,,,#ERROR!,#ERROR!,#ERROR!,#ERROR!,#ERROR!,#ERROR!,#ERROR!,#ERROR!,#ERROR!,#ERROR!,#ERROR!,#ERROR!,0.443,0.664,0.75,0.806,0.847,0.878,0.902,0.921,,,,,,,,#ERROR!,,,,175.3,0.000668,#ERROR!,,,,,,,,,,,,,,,,,,,,,,,,
RN0721-31 (80C),14,54440,IC1.1 DM48hr DT80C,2396,MB,PTFE,no,continuous,1d+7d,48,80,F50E-HT,AquivionD79-25BS,790,1.1,0.25,,yes,Gore HCCM,MX10.15,Gore anode,HW4 B2.2,plate,Ford,0.103,0.103,0.103,0.102,0.102,0.101,0.101,0.206,0.717,0.781,0.818,0.954,0.104,0.103,0.103,0.103,0.103,0.102,0.102,0.576,0.724,0.785,0.824,0.964,0.099,0.098,0.098,0.098,0.098,0.098,0.098,0.098,0.311,0.651,0.75,0.947,#ERROR!,#ERROR!,#ERROR!,0.826,0.851,0.853,0.844,0.102,0.104,0.105,0.104,0.824,0.853,0.853,0.767,0.103,0.104,0.105,0.099,0.806,0.824,0.82,0.677,0.1,0.099,0.098,0.101,53,57,59,60,53,57,59,60,61,66,67,56,#ERROR!,#ERROR!,#ERROR!,,,,,,,,,,,,,#ERROR!,#ERROR!,#ERROR!,,,,,,,,,,,,,,,,,,,,,,,,,,,,,,,,,,,,,,,,,,,,,,,,,#ERROR!,#ERROR!,#ERROR!,#ERROR!,#ERROR!,#ERROR!,#ERROR!,#ERROR!,#ERROR!,#ERROR!,#ERROR!,#ERROR!,0.548,0.698,0.759,0.812,0.851,0.88,0.904,0.922,,,,,,,,#ERROR!,,,,120.7,0.000598,#ERROR!,,,,,,,,,,,,,,,,,,,,,,,,
RN0721-31 (100C),15,54441,IC1.1 DM48hr DT100C,2396,MB,PTFE,no,continuous,1d+7d,48,100,F50E-HT,AquivionD79-25BS,790,1.1,0.25,,yes,Gore HCCM,MX10.15,Gore anode,HW4 B2.2,plate,Ford,0.112,0.112,0.111,0.11,0.109,0.108,0.175,0.486,0.741,0.791,0.823,0.964,0.115,0.114,0.113,0.112,0.111,0.364,0.484,0.652,0.742,0.795,0.829,0.975,0.102,0.102,0.101,0.101,0.101,0.101,0.101,0.101,0.344,0.66,0.753,0.957,#ERROR!,#ERROR!,#ERROR!,0.835,0.853,0.854,0.847,0.105,0.111,0.115,0.115,0.834,0.856,0.855,0.774,0.105,0.112,0.116,0.103,0.814,0.828,0.826,0.704,0.106,0.104,0.102,0.094,52,56,57,57,51,56,58,60,59,65,65,58,#ERROR!,#ERROR!,#ERROR!,,,,,,,,,,,,,#ERROR!,#ERROR!,#ERROR!,,,,,,,,,,,,,,,,,,,,,,,,,,,,,,,,,,,,,,,,,,,,,,,,,#ERROR!,#ERROR!,#ERROR!,#ERROR!,#ERROR!,#ERROR!,#ERROR!,#ERROR!,#ERROR!,#ERROR!,#ERROR!,#ERROR!,0.576,0.707,0.764,0.818,0.856,0.884,0.907,0.924,,,,,,,,#ERROR!,,,,102.1,0.00057,#ERROR!,,,,,,,,,,,,,,,,,,,,,,,,
RN0721-31 (RT),16,54442,IC1.1 DM48hr DTRoomT,2402,MB,PTFE,no,continuous,1d+7d,48,25,F50E-HT,AquivionD79-25BS,790,1.1,0.25,,yes,Gore HCCM,MX10.15,Gore anode,HW4 B2.2,plate,Ford,0.105,0.104,0.104,0.103,0.103,0.102,0.102,0.101,0.101,0.583,0.715,0.914,0.105,0.104,0.104,0.104,0.104,0.103,0.103,0.102,0.101,0.625,0.687,0.929,0.103,0.103,0.102,0.102,0.103,0.102,0.102,0.109,0.139,0.553,0.704,0.925,#ERROR!,#ERROR!,#ERROR!,0.323,0.771,0.781,0.773,0.107,0.103,0.106,0.106,0.136,0.761,0.772,0.757,0.105,0.103,0.105,0.104,0.444,0.72,0.734,0.682,0.091,0.103,0.102,0.099,54,58,63,62,48,56,63,60,37,45,56,42,#ERROR!,#ERROR!,#ERROR!,,,,,,,,,,,,,#ERROR!,#ERROR!,#ERROR!,,,,,,,,,,,,,,,,,,,,,,,,,,,,,,,,,,,,,,,,,,,,,,,,,#ERROR!,#ERROR!,#ERROR!,#ERROR!,#ERROR!,#ERROR!,#ERROR!,#ERROR!,#ERROR!,#ERROR!,#ERROR!,#ERROR!,,,,,,,,,,,,,934.2,0.0000365,7.3,#ERROR!,937.9,300%,70,960.2,-0.000167,#ERROR!,,,,,,,,,,,,,,,,,,,,,,,,
RN0721-31 (RT),17,54457,IC1.1 DM48hr DTRoomT (rpt),2449,MB,PTFE,no,continuous,1d+7d,48,25,F50E-HT,AquivionD79-25BS,790,1.1,0.25,,yes,Gore HCCM,MX10.15,Gore anode,HW4 B2.2,plate,Ford,0.097,0.097,0.098,0.098,0.098,0.098,0.098,0.098,0.098,0.52,0.682,0.89,0.096,0.097,0.097,0.097,0.097,0.097,0.097,0.098,0.098,0.545,0.632,0.901,0.098,0.098,0.098,0.097,0.099,0.099,0.101,0.105,0.136,0.494,0.68,0.901,#ERROR!,#ERROR!,#ERROR!,0.208,0.761,0.772,0.769,0.102,0.098,0.098,0.098,0.099,0.747,0.764,0.751,0.099,0.099,0.098,0.098,0.278,0.697,0.718,0.661,0.117,0.099,0.098,0.091,42,46,48,49,36,44,48,44,28,36,41,41,#ERROR!,#ERROR!,#ERROR!,,,,,,,,,,,,,#ERROR!,#ERROR!,#ERROR!,,,,,,,,,,,,,,,,,,,,,,,,,,,,,,,,,,,,,,,,,,,,,,,,,#ERROR!,#ERROR!,#ERROR!,#ERROR!,#ERROR!,#ERROR!,#ERROR!,#ERROR!,#ERROR!,#ERROR!,#ERROR!,#ERROR!,0.246,0.583,0.74,0.797,0.838,0.868,0.894,0.914,,,,,,,,#ERROR!,,,,1110.2,-0.000691,#ERROR!,,,,,,,,,,,,,,,,,,,,,,,,
RN0721-26 (55C),18,54421,IC1.1 DM0hr DT55C,2401,MB,PTFE,no,continuous,1d+7d,0,55,F50E-HT,AquivionD79-25BS,790,1.1,0.25,,yes,Gore HCCM,MX10.15,Gore anode,HW4 B2.2,plate,Ford,0.523,0.539,0.547,0.556,0.558,0.565,0.574,0.62,0.726,0.774,0.806,0.911,0.588,0.607,0.618,0.629,0.639,0.658,0.672,0.71,0.77,0.801,0.799,0.92,0.492,0.535,0.558,0.581,0.605,0.642,0.664,0.715,0.775,0.806,0.832,0.933,#ERROR!,#ERROR!,#ERROR!,0.807,0.838,0.855,0.859,0.477,0.577,0.617,0.647,0.803,0.837,0.854,0.86,0.551,0.592,0.616,0.645,0.802,0.835,0.851,0.849,0.537,0.521,0.502,0.496,84,89,92,95,84,89,96,98,96,97,104,108,#ERROR!,#ERROR!,#ERROR!,,,,,,,,,,,,,#ERROR!,#ERROR!,#ERROR!,,,,,,,,,,,,,,,,,,,,,,,,,,,,,,,,,,,,,,,,,,,,,,,,,#ERROR!,#ERROR!,#ERROR!,#ERROR!,#ERROR!,#ERROR!,#ERROR!,#ERROR!,#ERROR!,#ERROR!,#ERROR!,#ERROR!,,,,,,,,,,,,,28,0.000462,92.5,#ERROR!,33.6,24%,889,33.5,0.000305,#ERROR!,,,,,,,,,,,,,,,,,,,,,,,,
RN0721-26 (55C),19,54445,IC1.1 DM0hr DT55C (rpt),2398,MB,PTFE,no,continuous,1d+7d,0,55,F50E-HT,AquivionD79-25BS,790,1.1,0.25,,yes,Gore HCCM,MX10.15,Gore anode,HW4 B2.2,plate,Ford,0.551,0.569,0.58,0.591,0.6,0.619,0.632,0.673,0.752,0.791,0.823,0.959,0.611,0.628,0.639,0.648,0.658,0.676,0.69,0.725,0.782,0.811,0.81,0.977,0.482,0.522,0.547,0.572,0.597,0.637,0.662,0.718,0.778,0.81,0.837,0.988,#ERROR!,#ERROR!,#ERROR!,0.802,0.835,0.851,0.859,0.463,0.572,0.614,0.639,0.812,0.842,0.856,0.86,0.568,0.611,0.624,0.639,0.811,0.839,0.856,0.851,0.517,0.509,0.5,0.505,70,77,78,80,73,78,79,84,83,85,90,92,#ERROR!,#ERROR!,#ERROR!,,,,,,,,,,,,,#ERROR!,#ERROR!,#ERROR!,,,,,,,,,,,,,,,,,,,,,,,,,,,,,,,,,,,,,,,,,,,,,,,,,#ERROR!,#ERROR!,#ERROR!,#ERROR!,#ERROR!,#ERROR!,#ERROR!,#ERROR!,#ERROR!,#ERROR!,#ERROR!,#ERROR!,0.752,0.808,0.845,0.873,0.891,0.906,0.92,0.933,,,,,,,,#ERROR!,,,,38.3,0.000272,#ERROR!,,,,,,,,,,,,,,,,,,,,,,,,
RN0721-26 (80C),20,54419,IC1.1 DM0hr DT80C,2401,MB,PTFE,no,continuous,1d+7d,0,80,F50E-HT,AquivionD79-25BS,790,1.1,0.25,,yes,Gore HCCM,MX10.15,Gore anode,HW4 B2.2,plate,Ford,0.526,0.544,0.553,0.563,0.566,0.576,0.589,0.639,0.735,0.779,0.811,0.925,0.586,0.605,0.617,0.629,0.639,0.658,0.673,0.711,0.772,0.803,0.804,0.934,0.502,0.543,0.566,0.588,0.612,0.647,0.667,0.715,0.775,0.806,0.833,0.944,#ERROR!,#ERROR!,#ERROR!,0.804,0.835,0.854,0.859,0.453,0.567,0.608,0.639,0.8,0.834,0.852,0.859,0.536,0.584,0.606,0.635,0.797,0.833,0.85,0.851,0.549,0.538,0.524,0.516,83,89,94,95,84,89,92,97,98,99,106,108,#ERROR!,#ERROR!,#ERROR!,,,,,,,,,,,,,#ERROR!,#ERROR!,#ERROR!,,,,,,,,,,,,,,,,,,,,,,,,,,,,,,,,,,,,,,,,,,,,,,,,,#ERROR!,#ERROR!,#ERROR!,#ERROR!,#ERROR!,#ERROR!,#ERROR!,#ERROR!,#ERROR!,#ERROR!,#ERROR!,#ERROR!,,,,,,,,,,,,,28.3,0.000454,90.7,#ERROR!,33.8,24%,872,33.4,0.000299,#ERROR!,,,,,,,,,,,,,,,,,,,,,,,,
RN0721-26 (80C),21,54420,IC1.1 DM0hr DT80C (rpt),2398,MB,PTFE,no,continuous,1d+7d,0,80,F50E-HT,AquivionD79-25BS,790,1.1,0.25,,yes,Gore HCCM,MX10.15,Gore anode,HW4 B2.2,plate,Ford,0.528,0.547,0.556,0.566,0.575,0.592,0.605,0.65,0.737,0.779,0.812,0.92,0.595,0.613,0.623,0.633,0.643,0.662,0.677,0.713,0.775,0.804,0.799,0.923,0.499,0.534,0.556,0.578,0.6,0.637,0.66,0.713,0.773,0.804,0.83,0.937,#ERROR!,#ERROR!,#ERROR!,0.789,0.828,0.848,0.857,0.443,0.559,0.606,0.634,0.802,0.833,0.85,0.855,0.549,0.598,0.615,0.636,0.801,0.831,0.849,0.849,0.543,0.538,0.531,0.536,67,72,75,79,69,74,77,78,78,81,86,95,#ERROR!,#ERROR!,#ERROR!,,,,,,,,,,,,,#ERROR!,#ERROR!,#ERROR!,,,,,,,,,,,,,,,,,,,,,,,,,,,,,,,,,,,,,,,,,,,,,,,,,#ERROR!,#ERROR!,#ERROR!,#ERROR!,#ERROR!,#ERROR!,#ERROR!,#ERROR!,#ERROR!,#ERROR!,#ERROR!,#ERROR!,0.748,0.805,0.842,0.87,0.888,0.903,0.917,0.929,,,,,,,,#ERROR!,,,,39.4,0.000271,#ERROR!,,,,,,,,,,,,,,,,,,,,,,,,
RN0721-26 (100C),22,54422,IC1.1 DM0hr DT100C,2401,MB,PTFE,no,continuous,1d+7d,0,100,F50E-HT,AquivionD79-25BS,790,1.1,0.25,,yes,Gore HCCM,MX10.15,Gore anode,HW4 B2.2,plate,Ford,0.534,0.552,0.561,0.57,0.573,0.582,0.594,0.641,0.738,0.782,0.814,0.951,0.589,0.608,0.619,0.629,0.638,0.658,0.672,0.71,0.772,0.803,0.807,0.964,0.516,0.556,0.577,0.598,0.621,0.653,0.673,0.719,0.778,0.809,0.836,0.965,#ERROR!,#ERROR!,#ERROR!,0.808,0.838,0.855,0.86,0.467,0.575,0.613,0.645,0.805,0.837,0.854,0.86,0.54,0.589,0.611,0.64,0.799,0.834,0.852,0.854,0.561,0.552,0.539,0.534,85,89,92,94,85,90,93,94,99,100,106,108,#ERROR!,#ERROR!,#ERROR!,,,,,,,,,,,,,#ERROR!,#ERROR!,#ERROR!,,,,,,,,,,,,,,,,,,,,,,,,,,,,,,,,,,,,,,,,,,,,,,,,,#ERROR!,#ERROR!,#ERROR!,#ERROR!,#ERROR!,#ERROR!,#ERROR!,#ERROR!,#ERROR!,#ERROR!,#ERROR!,#ERROR!,,,,,,,,,,,,,28.9,0.000455,90.9,#ERROR!,34.5,24%,874,34,0.0003,#ERROR!,,,,,,,,,,,,,,,,,,,,,,,,
RN0721-26 (100C),23,54446,IC1.1 DM0hr DT100C (rpt),2398,MB,PTFE,no,continuous,1d+7d,0,100,F50E-HT,AquivionD79-25BS,790,1.1,0.25,,yes,Gore HCCM,MX10.15,Gore anode,HW4 B2.2,plate,Ford,0.533,0.552,0.561,0.571,0.579,0.596,0.608,0.652,0.739,0.782,0.815,0.938,0.6,0.617,0.628,0.639,0.648,0.665,0.68,0.715,0.776,0.805,0.799,0.942,0.508,0.542,0.564,0.586,0.608,0.644,0.666,0.718,0.778,0.81,0.836,0.966,#ERROR!,#ERROR!,#ERROR!,0.792,0.832,0.85,0.858,0.456,0.567,0.609,0.634,0.807,0.838,0.854,0.858,0.57,0.608,0.619,0.632,0.807,0.837,0.853,0.855,0.553,0.549,0.545,0.55,69,73,75,79,72,77,79,80,80,83,88,92,#ERROR!,#ERROR!,#ERROR!,,,,,,,,,,,,,#ERROR!,#ERROR!,#ERROR!,,,,,,,,,,,,,,,,,,,,,,,,,,,,,,,,,,,,,,,,,,,,,,,,,#ERROR!,#ERROR!,#ERROR!,#ERROR!,#ERROR!,#ERROR!,#ERROR!,#ERROR!,#ERROR!,#ERROR!,#ERROR!,#ERROR!,0.75,0.807,0.844,0.872,0.891,0.906,0.92,0.933,,,,,,,,#ERROR!,,,,39.9,0.000258,#ERROR!,,,,,,,,,,,,,,,,,,,,,,,,
RN0721-26 (RT),24,54423,IC1.1 DM0hr DTRoomT,2401,MB,PTFE,no,continuous,1d+7d,0,25,F50E-HT,AquivionD79-25BS,790,1.1,0.25,,yes,Gore HCCM,MX10.15,Gore anode,HW4 B2.2,plate,Ford,0.554,0.571,0.579,0.588,0.589,0.598,0.61,0.656,0.748,0.791,0.821,0.972,0.609,0.628,0.639,0.649,0.659,0.676,0.69,0.724,0.78,0.81,0.818,0.986,0.303,0.359,0.392,0.436,0.492,0.578,0.624,0.708,0.772,0.806,0.835,0.985,#ERROR!,#ERROR!,#ERROR!,0.812,0.843,0.856,0.859,0.486,0.581,0.618,0.65,0.817,0.846,0.859,0.865,0.578,0.603,0.617,0.638,0.809,0.845,0.857,0.83,0.403,0.338,0.276,0.226,84,87,91,93,85,90,95,93,95,99,105,103,#ERROR!,#ERROR!,#ERROR!,,,,,,,,,,,,,#ERROR!,#ERROR!,#ERROR!,,,,,,,,,,,,,,,,,,,,,,,,,,,,,,,,,,,,,,,,,,,,,,,,,#ERROR!,#ERROR!,#ERROR!,#ERROR!,#ERROR!,#ERROR!,#ERROR!,#ERROR!,#ERROR!,#ERROR!,#ERROR!,#ERROR!,,,,,,,,,,,,,30.1,0.000452,90.5,#ERROR!,35.7,24%,870,35.8,0.000296,#ERROR!,,,,,,,,,,,,,,,,,,,,,,,,
RN0721-26 (RT),25,54447,IC1.1 DM0hr DTRoomT (rpt),2398,MB,PTFE,no,continuous,1d+7d,0,25,F50E-HT,AquivionD79-25BS,790,1.1,0.25,,yes,Gore HCCM,MX10.15,Gore anode,HW4 B2.2,plate,Ford,0.548,0.564,0.572,0.58,0.586,0.6,0.612,0.654,0.742,0.785,0.816,0.935,0.618,0.634,0.644,0.654,0.663,0.678,0.69,0.723,0.779,0.804,0.803,0.942,0.28,0.324,0.363,0.401,0.45,0.542,0.598,0.706,0.772,0.81,0.837,0.959,#ERROR!,#ERROR!,#ERROR!,0.8,0.836,0.85,0.858,0.472,0.576,0.618,0.645,0.827,0.848,0.859,0.863,0.599,0.623,0.633,0.639,0.82,0.844,0.857,0.829,0.309,0.235,0.193,0.127,65,74,75,77,69,72,79,81,78,80,85,87,#ERROR!,#ERROR!,#ERROR!,,,,,,,,,,,,,#ERROR!,#ERROR!,#ERROR!,,,,,,,,,,,,,,,,,,,,,,,,,,,,,,,,,,,,,,,,,,,,,,,,,#ERROR!,#ERROR!,#ERROR!,#ERROR!,#ERROR!,#ERROR!,#ERROR!,#ERROR!,#ERROR!,#ERROR!,#ERROR!,#ERROR!,0.755,0.808,0.844,0.872,0.89,0.906,0.92,0.932,,,,,,,,#ERROR!,,,,40.5,0.000248,#ERROR!,,,,,,,,,,,,,,,,,,,,,,,,
RN0721-22 (0.15),26,54431,IC1.1 DM24hr DT55C (0.15),2402,MB,PTFE,no,continuous,1d+7d,24,55,F50E-HT,AquivionD79-25BS,790,1.1,0.15,,yes,Gore HCCM,MX10.15,Gore anode,HW4 B2.2,plate,Ford,0.107,0.106,0.106,0.105,0.19,0.31,0.401,0.556,0.727,0.773,0.803,0.923,0.108,0.233,0.295,0.37,0.435,0.519,0.567,0.656,0.736,0.781,0.804,0.929,0.101,0.101,0.1,0.1,0.1,0.1,0.1,0.099,0.568,0.707,0.765,0.934,#ERROR!,#ERROR!,#ERROR!,0.824,0.834,0.838,0.836,0.107,0.108,0.365,0.434,0.825,0.839,0.841,0.782,0.107,0.366,0.459,0.235,0.8,0.81,0.812,0.727,0.103,0.102,0.101,0.1,39,41,44,45,41,42,44,47,46,47,50,51,#ERROR!,#ERROR!,#ERROR!,,,,,,,,,,,,,#ERROR!,#ERROR!,#ERROR!,,,,,,,,,,,,,,,,,,,,,,,,,,,,,,,,,,,,,,,,,,,,,,,,,#ERROR!,#ERROR!,#ERROR!,#ERROR!,#ERROR!,#ERROR!,#ERROR!,#ERROR!,#ERROR!,#ERROR!,#ERROR!,#ERROR!,,,,,,,,,,,,,121.3,0.000571,114.3,#ERROR!,127.4,19%,1097,121.9,0.00041,#ERROR!,,,,,,,,,,,,,,,,,,,,,,,,
RN0721-22 (0.15),27,54443,IC1.1 DM24hr DT55C (0.15 rpt),2396,MB,decal,no,continuous,1d+7d,24,55,F50E-HT,AquivionD79-25BS,790,1.1,0.15,,yes,Gore HCCM,MX10.15,Gore anode,HW4 B2.2,plate,Ford,0.111,0.11,0.109,0.109,0.213,0.341,0.429,0.571,0.732,0.777,0.806,0.93,0.112,0.282,0.345,0.403,0.457,0.532,0.575,0.66,0.74,0.781,0.806,0.936,0.102,0.102,0.102,0.102,0.101,0.101,0.101,0.101,0.441,0.683,0.756,0.944,#ERROR!,#ERROR!,#ERROR!,0.829,0.84,0.839,0.838,0.106,0.11,0.385,0.418,0.829,0.843,0.841,0.785,0.108,0.386,0.459,0.231,0.799,0.809,0.81,0.724,0.105,0.103,0.101,0.1,34,36,36,37,35,36,38,40,40,42,41,43,#ERROR!,#ERROR!,#ERROR!,,,,,,,,,,,,,#ERROR!,#ERROR!,#ERROR!,,,,,,,,,,,,,,,,,,,,,,,,,,,,,,,,,,,,,,,,,,,,,,,,,#ERROR!,#ERROR!,#ERROR!,#ERROR!,#ERROR!,#ERROR!,#ERROR!,#ERROR!,#ERROR!,#ERROR!,#ERROR!,#ERROR!,0.637,0.72,0.771,0.821,0.856,0.881,0.9,0.916,,,,,,,,,,,,78,0.000554,#ERROR!,,,,,,,,,,,,,,,,,,,,,,,,