DTXSID,PREFERREDNAME,CASRN,INCHIKEY,IUPACNAME,SMILES,INCHISTRING,MOLECULARFORMULA,AVERAGEMASS,MONOISOTOPICMASS,#ofSOURCES,#OFPUBMEDARTICLES,PUBCHEMDATASOURCES,CPDATCOUNT,QCLevel,#ToxCastActive,%ToxCastActive,TotalAssays,C,H,O,N,F,Cl,P,Br,I,S,V,
https://comptox.epa.gov/dashboard/chemical/details/DTXSID3020833,Methyl tert-butyl ether,1634-04-4,BZLVMXJERCGZMT-UHFFFAOYSA-N,2-Methoxy-2-methylpropane,COC(C)(C)C,"InChI=1S/C5H12O/c1-5(2,3)6-4/h1-4H3",C5H12O,88.15,88.088815,299,984,425,693,1,5/235,2.0,235,5,12,1,,,,,,,,,
https://comptox.epa.gov/dashboard/chemical/details/DTXSID7021607,Hexanoic acid,142-62-1,FUZZWVXGSFPDMH-UHFFFAOYSA-N,Hexanoic acid,CCCCCC(O)=O,"InChI=1S/C6H12O2/c1-2-3-4-5-6(7)8/h2-5H2,1H3,(H,7,8)",C6H12O2,116.16,116.083730,255,185,220,2,1,31/869,4.0,869,6,12,2,,,,,,,,,
https://comptox.epa.gov/dashboard/chemical/details/DTXSID9026841,Dihexyl hexanedioate,110-33-8,HHECSPXBQJHZAF-UHFFFAOYSA-N,Dihexyl hexanedioate,CCCCCCOC(=O)CCCCC(=O)OCCCCCC,"InChI=1S/C18H34O4/c1-3-5-7-11-15-21-17(19)13-9-10-14-18(20)22-16-12-8-6-4-2/h3-16H2,1-2H3",C18H34O4,314.466,314.245710,118,,57,1,1,9/646,1.0,646,18,34,4,,,,,,,,,
https://comptox.epa.gov/dashboard/chemical/details/DTXSID0063521,"Nonane, 1,9-dibromo-",4549-33-1,WGAXVZXBFBHLMC-UHFFFAOYSA-N,"1,9-Dibromononane",BrCCCCCCCCCBr,InChI=1S/C9H18Br2/c10-8-6-4-2-1-3-5-7-9-11/h1-9H2,C9H18Br2,286.051,283.977527,35,,97,,, ,,,9,18,,,,,,2,,,,
https://comptox.epa.gov/dashboard/chemical/details/DTXSID4044828,Ethyl undec-10-enoate,692-86-4,FXNFFCMITPHEIT-UHFFFAOYSA-N,Ethyl undec-10-enoate,CCOC(=O)CCCCCCCCC=C,"InChI=1S/C13H24O2/c1-3-5-6-7-8-9-10-11-12-13(14)15-4-2/h3H,1,4-12H2,2H3",C13H24O2,212.333,212.177630,126,,68,12,1,9/427,2.0,427,13,24,2,,,,,,,,,
https://comptox.epa.gov/dashboard/chemical/details/DTXSID4061595,Methylenecyclohexane,1192-37-6,YULMNMJFAZWLLN-UHFFFAOYSA-N,Methylidenecyclohexane,C=C1CCCCC1,InChI=1S/C7H12/c1-7-5-3-2-4-6-7/h1-6H2,C7H12,96.173,96.093900,56,,171,,1, ,,,7,12,,,,,,,,,,
https://comptox.epa.gov/dashboard/chemical/details/DTXSID1026904,2-Butoxyethyl acetate,112-07-2,NQBXSWAWVZHKBZ-UHFFFAOYSA-N,2-Butoxyethyl acetate,CCCCOCCOC(C)=O,"InChI=1S/C8H16O3/c1-3-4-5-10-6-7-11-8(2)9/h3-7H2,1-2H3",C8H16O3,160.213,160.109944,217,,91,658,1,9/430,2.0,430,8,16,3,,,,,,,,,
https://comptox.epa.gov/dashboard/chemical/details/DTXSID80871417,"2,3,3,5-Tetramethylhexane",52897-11-7,GCGFXFIPOBRMQT-UHFFFAOYSA-N,"2,3,3,5-Tetramethylhexane",CC(C)CC(C)(C)C(C)C,"InChI=1S/C10H22/c1-8(2)7-10(5,6)9(3)4/h8-9H,7H2,1-6H3",C10H22,142.286,142.172151,7,,16,,2, ,,,10,22,,,,,,,,,,
https://comptox.epa.gov/dashboard/chemical/details/DTXSID5059240,"Pyridine, 2-(phenylmethyl)-",101-82-6,PCFUWBOSXMKGIP-UHFFFAOYSA-N,2-Benzylpyridine,C(C1=CC=CC=C1)C1=CC=CC=N1,"InChI=1S/C12H11N/c1-2-6-11(7-3-1)10-12-8-4-5-9-13-12/h1-9H,10H2",C12H11N,169.227,169.089149,64,5,106,,, ,,,12,11,,1,,,,,,,,
https://comptox.epa.gov/dashboard/chemical/details/DTXSID8073217,2-Methyl-2-pentene,625-27-4,JMMZCWZIJXAGKW-UHFFFAOYSA-N,2-Methylpent-2-ene,CCC=C(C)C,"InChI=1S/C6H12/c1-4-5-6(2)3/h5H,4H2,1-3H3",C6H12,84.162,84.093900,56,,77,,, ,,,6,12,,,,,,,,,,
https://comptox.epa.gov/dashboard/chemical/details/DTXSID60142854,"2,4-Dimethylpenta-1,3-diene",1000-86-8,CMSUNVGIWAFNBG-UHFFFAOYSA-N,"2,4-Dimethylpenta-1,3-diene",CC(C)=CC(C)=C,"InChI=1S/C7H12/c1-6(2)5-7(3)4/h5H,1H2,2-4H3",C7H12,96.173,96.093900,35,,59,,, ,,,7,12,,,,,,,,,,
https://comptox.epa.gov/dashboard/chemical/details/DTXSID90871261,"2,3-Dimethylhex-1-ene",16746-86-4,LVLXQRZPKUFJJQ-UHFFFAOYSA-N,"2,3-Dimethylhex-1-ene",CCCC(C)C(C)=C,"InChI=1/C8H16/c1-5-6-8(4)7(2)3/h8H,2,5-6H2,1,3-4H3",C8H16,112.216,112.125201,13,,40,,1, ,,,8,16,,,,,,,,,,
https://comptox.epa.gov/dashboard/chemical/details/DTXSID2044848,N-(Isobutoxymethyl)acrylamide,16669-59-3,KCTMTGOHHMRJHZ-UHFFFAOYSA-N,N-[(2-Methylpropoxy)methyl]prop-2-enamide,CC(C)COCNC(=O)C=C,"InChI=1S/C8H15NO2/c1-4-8(10)9-6-11-5-7(2)3/h4,7H,1,5-6H2,2-3H3,(H,9,10)",C8H15NO2,157.213,157.110279,80,,56,,1,5/400,1.0,400,8,15,2,1,,,,,,,,
https://comptox.epa.gov/dashboard/chemical/details/DTXSID0073241,Dimethylaminoacetonitrile,926-64-7,PLXBWEPPAAQASG-UHFFFAOYSA-N,(Dimethylamino)acetonitrile,CN(C)CC#N,"InChI=1S/C4H8N2/c1-6(2)4-3-5/h4H2,1-2H3",C4H8N2,84.122,84.068748,45,,66,,, ,,,4,8,,2,,,,,,,,
https://comptox.epa.gov/dashboard/chemical/details/DTXSID1061104,o-Chloroanisole,766-51-8,QGRPVMLBTFGQDQ-UHFFFAOYSA-N,1-Chloro-2-methoxybenzene,COC1=C(Cl)C=CC=C1,"InChI=1S/C7H7ClO/c1-9-7-5-3-2-4-6(7)8/h2-5H,1H3",C7H7ClO,142.58,142.018542,64,,122,,, ,,,7,7,1,,,1,,,,,,
https://comptox.epa.gov/dashboard/chemical/details/DTXSID40274046,2-Methyloctane-2-thiol,55646-15-6,MPBLPZLNKKGCGP-UHFFFAOYSA-N,2-Methyloctane-2-thiol,CCCCCCC(C)(C)S,"InChI=1S/C9H20S/c1-4-5-6-7-8-9(2,3)10/h10H,4-8H2,1-3H3",C9H20S,160.32,160.128572,24,,58,,1, ,,,9,20,,,,,,,,1,,
https://comptox.epa.gov/dashboard/chemical/details/DTXSID0060852,"Butane, 1-(methylthio)-",628-29-5,WCXXISMIJBRDQK-UHFFFAOYSA-N,1-(Methylsulfanyl)butane,CCCCSC,"InChI=1S/C5H12S/c1-3-4-5-6-2/h3-5H2,1-2H3",C5H12S,104.21,104.065972,51,,75,,, ,,,5,12,,,,,,,,1,,
https://comptox.epa.gov/dashboard/chemical/details/DTXSID0051499,4-Vinylpyridine,100-43-6,KFDVPJUYSDEJTH-UHFFFAOYSA-N,4-Ethenylpyridine,C=CC1=CC=NC=C1,"InChI=1S/C7H7N/c1-2-7-3-5-8-6-4-7/h2-6H,1H2",C7H7N,105.14,105.057849,142,251,118,1,1,45/278,16.0,278,7,7,,1,,,,,,,,
https://comptox.epa.gov/dashboard/chemical/details/DTXSID4021848,N-Ethyl-3-methylaniline,102-27-2,GUYMMHOQXYZMJQ-UHFFFAOYSA-N,N-Ethyl-3-methylaniline,CCNC1=CC(C)=CC=C1,"InChI=1S/C9H13N/c1-3-10-9-6-4-5-8(2)7-9/h4-7,10H,3H2,1-2H3",C9H13N,135.21,135.104799,119,,104,,1,11/859,1.0,859,9,13,,1,,,,,,,,
https://comptox.epa.gov/dashboard/chemical/details/DTXSID9052557,3-Methylbut-3-en-2-one,814-78-8,ZGHFDIIVVIFNPS-UHFFFAOYSA-N,3-Methylbut-3-en-2-one,CC(=C)C(C)=O,"InChI=1S/C5H8O/c1-4(2)5(3)6/h1H2,2-3H3",C5H8O,84.118,84.057515,97,,80,,1, ,,,5,8,1,,,,,,,,,
https://comptox.epa.gov/dashboard/chemical/details/DTXSID00184713,Propyl decanoate,30673-60-0,OVFMRFMJVFDSAA-UHFFFAOYSA-N,Propyl decanoate,CCCCCCCCCC(=O)OCCC,"InChI=1S/C13H26O2/c1-3-5-6-7-8-9-10-11-13(14)15-12-4-2/h3-12H2,1-2H3",C13H26O2,214.349,214.193280,38,,43,,, ,,,13,26,2,,,,,,,,,
https://comptox.epa.gov/dashboard/chemical/details/DTXSID6024886,Cyclopentane,287-92-3,RGSFGYAAUTVSQA-UHFFFAOYSA-N,Cyclopentane,C1CCCC1,InChI=1S/C5H10/c1-2-4-5-3-1/h1-5H2,C5H10,70.135,70.078250,186,7670,237,111,1,1/235,0.0,235,5,10,,,,,,,,,,
https://comptox.epa.gov/dashboard/chemical/details/DTXSID10870650,1-Bromo-1-chloroethane,593-96-4,QMSVNDSDEZTYAS-UHFFFAOYSA-N,1-Bromo-1-chloroethane,CC(Cl)Br,"InChI=1/C2H4BrCl/c1-2(3)4/h2H,1H3",C2H4BrCl,143.41,141.918491,20,,50,,1, ,,,2,4,,,,1,,1,,,,
https://comptox.epa.gov/dashboard/chemical/details/DTXSID9044746,Propan-2-yl benzoate,939-48-0,FEXQDZTYJVXMOS-UHFFFAOYSA-N,Propan-2-yl benzoate,CC(C)OC(=O)C1=CC=CC=C1,"InChI=1S/C10H12O2/c1-8(2)12-10(11)9-6-4-3-5-7-9/h3-8H,1-2H3",C10H12O2,164.204,164.083730,134,,86,,1,0/403,0.0,403,10,12,2,,,,,,,,,
https://comptox.epa.gov/dashboard/chemical/details/DTXSID6024836,"3,7-Dimethyl-2,6-octadienal",5392-40-5,WTEVQBCEXWBHNA-UHFFFAOYSA-N,"3,7-Dimethylocta-2,6-dienal",CC(C)=CCCC(C)=CC=O,"InChI=1S/C10H16O/c1-9(2)5-4-6-10(3)7-8-11/h5,7-8H,4,6H2,1-3H3",C10H16O,152.237,152.120115,290,373,53,349,1,51/937,5.0,937,10,16,1,,,,,,,,,
https://comptox.epa.gov/dashboard/chemical/details/DTXSID9020663,Glycerol,56-81-5,PEDCQBHIVMGVHV-UHFFFAOYSA-N,"Propane-1,2,3-triol",OCC(O)CO,"InChI=1S/C3H8O3/c4-1-3(6)2-5/h3-6H,1-2H2",C3H8O3,92.094,92.047344,409,22925,18084,2849,1,25/949,3.0,949,3,8,3,,,,,,,,,
https://comptox.epa.gov/dashboard/chemical/details/DTXSID1026796,1-Methoxy-2-propyl acetate,108-65-6,LLHKCFNBLRBOGN-UHFFFAOYSA-N,1-Methoxypropan-2-yl acetate,COCC(C)OC(C)=O,"InChI=1S/C6H12O3/c1-5(4-8-3)9-6(2)7/h5H,4H2,1-3H3",C6H12O3,132.159,132.078644,252,6,97,4775,1,5/235,2.0,235,6,12,3,,,,,,,,,
https://comptox.epa.gov/dashboard/chemical/details/DTXSID101030360,Heptyl 3-propoxypropanoate,14144-45-7,DIUSZJDDLQRTSC-UHFFFAOYSA-N,,CCCCCCCOC(=O)CCOCCC,"InChI=1S/C13H26O3/c1-3-5-6-7-8-11-16-13(14)9-12-15-10-4-2/h3-12H2,1-2H3",C13H26O3,230.348,230.188195,1,,,,2, ,,,13,26,3,,,,,,,,,
https://comptox.epa.gov/dashboard/chemical/details/DTXSID9074854,Cyclopropyl methyl ketone,765-43-5,HVCFCNAITDHQFX-UHFFFAOYSA-N,1-Cyclopropylethan-1-one,CC(=O)C1CC1,"InChI=1S/C5H8O/c1-4(6)5-2-3-5/h5H,2-3H2,1H3",C5H8O,84.118,84.057515,62,,137,,, ,,,5,8,1,,,,,,,,,
https://comptox.epa.gov/dashboard/chemical/details/DTXSID70171978,"1,2,3-Trichloro-2-methylpropane",1871-58-5,XMCSILBVFPYTLC-UHFFFAOYSA-N,"1,2,3-Trichloro-2-methylpropane",CC(Cl)(CCl)CCl,"InChI=1S/C4H7Cl3/c1-4(7,2-5)3-6/h2-3H2,1H3",C4H7Cl3,161.45,159.961333,21,,37,,, ,,,4,7,,,,3,,,,,,
https://comptox.epa.gov/dashboard/chemical/details/DTXSID60926914,2-(Diethylamino)ethyl ethyl butyl(ethyl)propanedioate,13080-06-3,CQXNKORKKPMCPE-UHFFFAOYSA-N,2-(Diethylamino)ethyl ethyl butyl(ethyl)propanedioatato,CCCCC(CC)(C(=O)OCC)C(=O)OCCN(CC)CC,"InChI=1S/C17H33NO4/c1-6-11-12-17(7-2,15(19)21-10-5)16(20)22-14-13-18(8-3)9-4/h6-14H2,1-5H3",C17H33NO4,315.454,315.240959,9,,10,,, ,,,17,33,4,1,,,,,,,,
https://comptox.epa.gov/dashboard/chemical/details/DTXSID3038725,1-Bromotetradecane,112-71-0,KOFZTCSTGIWCQG-UHFFFAOYSA-N,1-Bromotetradecane,CCCCCCCCCCCCCCBr,"InChI=1S/C14H29Br/c1-2-3-4-5-6-7-8-9-10-11-12-13-14-15/h2-14H2,1H3",C14H29Br,277.29,276.145264,94,,109,1,1,1/235,0.0,235,14,29,,,,,,1,,,,
https://comptox.epa.gov/dashboard/chemical/details/DTXSID6025018,Dicyclohexylamine,101-83-7,XBPCUCUWBYBCDP-UHFFFAOYSA-N,N-Cyclohexylcyclohexanamine,C1CCC(CC1)NC1CCCCC1,"InChI=1S/C12H23N/c1-3-7-11(8-4-1)13-12-9-5-2-6-10-12/h11-13H,1-10H2",C12H23N,181.323,181.183050,182,47,140,2,1,12/454,3.0,454,12,23,,1,,,,,,,,
https://comptox.epa.gov/dashboard/chemical/details/DTXSID501032201,Phenylpropylene oxide,4436-24-2,JFDMLXYWGLECEY-UHFFFAOYNA-N,,C(C1CO1)C1=CC=CC=C1,"InChI=1/C9H10O/c1-2-4-8(5-3-1)6-9-7-10-9/h1-5,9H,6-7H2",C9H10O,134.178,134.073165,10,,,,1, ,,,9,10,1,,,,,,,,,
https://comptox.epa.gov/dashboard/chemical/details/DTXSID50235603,"1,1,1,2,2,3,4,4,5,5,5-Undecafluoro-3-(trifluoromethyl)pentane",865-71-4,GXSFAIDPYIEIEF-UHFFFAOYSA-N,"1,1,1,2,2,3,4,4,5,5,5-Undecafluoro-3-(trifluoromethyl)pentane",FC(F)(F)C(F)(F)C(F)(C(F)(F)F)C(F)(F)C(F)(F)F,"InChI=1S/C6F14/c7-1(4(12,13)14,2(8,9)5(15,16)17)3(10,11)6(18,19)20",C6F14,338.044,337.977644,43,,21,,, ,,,6,,,,14,,,,,,,
https://comptox.epa.gov/dashboard/chemical/details/DTXSID5064049,"Octane, 3-ethyl-",5881-17-4,OEYGTUAKNZFCDJ-UHFFFAOYSA-N,3-Ethyloctane,CCCCCC(CC)CC,"InChI=1S/C10H22/c1-4-7-8-9-10(5-2)6-3/h10H,4-9H2,1-3H3",C10H22,142.286,142.172151,33,,48,,, ,,,10,22,,,,,,,,,,
https://comptox.epa.gov/dashboard/chemical/details/DTXSID00333744,5-Phenyl-1-pentene,1075-74-7,RURREWSZSUQSNB-UHFFFAOYSA-N,(Pent-4-en-1-yl)benzene,C=CCCCC1=CC=CC=C1,"InChI=1S/C11H14/c1-2-3-5-8-11-9-6-4-7-10-11/h2,4,6-7,9-10H,1,3,5,8H2",C11H14,146.233,146.109550,9,,39,,5, ,,,11,14,,,,,,,,,,
https://comptox.epa.gov/dashboard/chemical/details/DTXSID70949018,2-[(Oxiran-2-yl)methoxy]furan,26130-15-4,RNMHNKUEFKIYQW-UHFFFAOYSA-N,2-[(Oxiran-2-yl)methoxy]furan,C(OC1=CC=CO1)C1CO1,"InChI=1/C7H8O3/c1-2-7(8-3-1)10-5-6-4-9-6/h1-3,6H,4-5H2",C7H8O3,140.138,140.047344,13,,17,,2, ,,,7,8,3,,,,,,,,,
https://comptox.epa.gov/dashboard/chemical/details/DTXSID7058620,6-Methyltridecane,13287-21-3,SOMJQWRITYTQJL-UHFFFAOYSA-N,6-Methyltridecane,CCCCCCCC(C)CCCCC,"InChI=1S/C14H30/c1-4-6-8-9-11-13-14(3)12-10-7-5-2/h14H,4-13H2,1-3H3",C14H30,198.394,198.234751,15,,28,,2, ,,,14,30,,,,,,,,,,
https://comptox.epa.gov/dashboard/chemical/details/DTXSID9060289,"Benzene, 2-bromo-1,4-dimethyl-",553-94-6,QXISTPDUYKNPLU-UHFFFAOYSA-N,"2-Bromo-1,4-dimethylbenzene",CC1=CC(Br)=C(C)C=C1,"InChI=1S/C8H9Br/c1-6-3-4-7(2)8(9)5-6/h3-5H,1-2H3",C8H9Br,185.064,183.988763,42,,133,,, ,,,8,9,,,,,,1,,,,
https://comptox.epa.gov/dashboard/chemical/details/DTXSID7060253,"Butanoic acid, 3-oxo-, 1-methylethyl ester",542-08-5,GVIIRWAJDFKJMJ-UHFFFAOYSA-N,Propan-2-yl 3-oxobutanoate,CC(C)OC(=O)CC(C)=O,"InChI=1S/C7H12O3/c1-5(2)10-7(9)4-6(3)8/h5H,4H2,1-3H3",C7H12O3,144.17,144.078644,59,,81,,, ,,,7,12,3,,,,,,,,,
https://comptox.epa.gov/dashboard/chemical/details/DTXSID9020665,Glycidaldehyde,765-34-4,IWYRWIUNAVNFPE-UHFFFAOYSA-N,Oxirane-2-carbaldehyde,O=CC1CO1,"InChI=1S/C3H4O2/c4-1-3-2-5-3/h1,3H,2H2",C3H4O2,72.063,72.021129,81,21,52,,1, ,,,3,4,2,,,,,,,,,
https://comptox.epa.gov/dashboard/chemical/details/DTXSID1021950,"2,2,2-Trichloroethanol",115-20-8,KPWDGTGXUYRARH-UHFFFAOYSA-N,"2,2,2-Trichloroethan-1-ol",OCC(Cl)(Cl)Cl,"InChI=1S/C2H3Cl3O/c3-2(4,5)1-6/h6H,1H2",C2H3Cl3O,149.4,147.924948,103,157,123,,1, ,,,2,3,1,,,3,,,,,,
https://comptox.epa.gov/dashboard/chemical/details/DTXSID30872055,Methyl 1-hexyl-5-oxopyrrolidine-3-carboxylate,71548-53-3,GJHNTLQYACBIND-UHFFFAOYSA-N,Methyl 1-hexyl-5-oxopyrrolidine-3-carboxylate,CCCCCCN1CC(CC1=O)C(=O)OC,"InChI=1/C12H21NO3/c1-3-4-5-6-7-13-9-10(8-11(13)14)12(15)16-2/h10H,3-9H2,1-2H3",C12H21NO3,227.304,227.152144,17,,17,,1, ,,,12,21,3,1,,,,,,,,
https://comptox.epa.gov/dashboard/chemical/details/DTXSID5020520,"2,2-Dimethylvinyl chloride",513-37-1,KWISWUFGPUHDRY-UHFFFAOYSA-N,1-Chloro-2-methylprop-1-ene,CC(C)=CCl,"InChI=1S/C4H7Cl/c1-4(2)3-5/h3H,1-2H3",C4H7Cl,90.55,90.023628,117,9,61,,1,8/403,2.0,403,4,7,,,,1,,,,,,
https://comptox.epa.gov/dashboard/chemical/details/DTXSID60871415,"2,2,3,5-Tetramethylhexane",52897-09-3,GCFKTDRTZYDRBI-UHFFFAOYSA-N,"2,2,3,5-Tetramethylhexane",CC(C)CC(C)C(C)(C)C,"InChI=1/C10H22/c1-8(2)7-9(3)10(4,5)6/h8-9H,7H2,1-6H3",C10H22,142.286,142.172151,8,,18,,2, ,,,10,22,,,,,,,,,,
https://comptox.epa.gov/dashboard/chemical/details/DTXSID601031701,"(Z)-1,2-dibromobut-1-ene",55030-56-3,QIJZNDSLUNIYAD-ARJAWSKDSA-N,,CC\C(Br)=C\Br,"InChI=1S/C4H6Br2/c1-2-4(6)3-5/h3H,2H2,1H3/b4-3-",C4H6Br2,213.9,211.883626,4,,,,2, ,,,4,6,,,,,,2,,,,
https://comptox.epa.gov/dashboard/chemical/details/DTXSID00871419,"2,3,4,5-Tetramethylhexane",52897-15-1,BHGNYYIOYPFWKC-UHFFFAOYSA-N,"2,3,4,5-Tetramethylhexane",CC(C)C(C)C(C)C(C)C,"InChI=1/C10H22/c1-7(2)9(5)10(6)8(3)4/h7-10H,1-6H3",C10H22,142.286,142.172151,7,,20,,2, ,,,10,22,,,,,,,,,,
https://comptox.epa.gov/dashboard/chemical/details/DTXSID1047104,"trans,cis-2,6-Nonadienal",557-48-2,HZYHMHHBBBSGHB-ODYTWBPASA-N,"(2E,6Z)-Nona-2,6-dienal",CC\C=C/CC\C=C\C=O,"InChI=1S/C9H14O/c1-2-3-4-5-6-7-8-9-10/h3-4,7-9H,2,5-6H2,1H3/b4-3-,8-7+",C9H14O,138.21,138.104465,102,11,23,5,1,41/400,10.0,400,9,14,1,,,,,,,,,
https://comptox.epa.gov/dashboard/chemical/details/DTXSID6062200,3-Chlorobenzotrichloride,2136-81-4,ZVPXXRHACIEOFJ-UHFFFAOYSA-N,1-Chloro-3-(trichloromethyl)benzene,ClC1=CC=CC(=C1)C(Cl)(Cl)Cl,"InChI=1S/C7H4Cl4/c8-6-3-1-2-5(4-6)7(9,10)11/h1-4H",C7H4Cl4,229.91,227.906711,31,,49,,, ,,,7,4,,,,4,,,,,,
https://comptox.epa.gov/dashboard/chemical/details/DTXSID50185891,2-Fluoroanisole,321-28-8,JIXDOBAQOWOUPA-UHFFFAOYSA-N,1-Fluoro-2-methoxybenzene,COC1=CC=CC=C1F,"InChI=1S/C7H7FO/c1-9-7-5-3-2-4-6(7)8/h2-5H,1H3",C7H7FO,126.13,126.048093,36,,147,,, ,,,7,7,1,,1,,,,,,,
https://comptox.epa.gov/dashboard/chemical/details/DTXSID10176260,6-Hydroxyhexan-2-one,21856-89-3,UALYCKSVHDYQRP-UHFFFAOYSA-N,6-Hydroxyhexan-2-one,CC(=O)CCCCO,"InChI=1S/C6H12O2/c1-6(8)4-2-3-5-7/h7H,2-5H2,1H3",C6H12O2,116.16,116.083730,20,,46,,1, ,,,6,12,2,,,,,,,,,
https://comptox.epa.gov/dashboard/chemical/details/DTXSID501032001,"2,2,4-Trimethylpentenyl isobutyrate",37822-74-5,,,,,,, ,5,,,,1, ,,,,,,,,,,,,,,
https://comptox.epa.gov/dashboard/chemical/details/DTXSID3041241,"1,3-Dioxolane-2-acetic acid, 2-methyl-, ethyl ester",6413-10-1,XWEOGMYZFCHQNT-UHFFFAOYSA-N,"Ethyl (2-methyl-1,3-dioxolan-2-yl)acetate",CCOC(=O)CC1(C)OCCO1,"InChI=1S/C8H14O4/c1-3-10-7(9)6-8(2)11-4-5-12-8/h3-6H2,1-2H3",C8H14O4,174.196,174.089209,110,,96,77,1, ,,,8,14,4,,,,,,,,,
https://comptox.epa.gov/dashboard/chemical/details/DTXSID50361491,6-Chloro-2-fluoro-3-methylbenzaldehyde,286474-59-7,GGZOMBUJFMOEEZ-UHFFFAOYSA-N,6-Chloro-2-fluoro-3-methylbenzaldehyde,CC1=C(F)C(C=O)=C(Cl)C=C1,"InChI=1S/C8H6ClFO/c1-5-2-3-7(9)6(4-11)8(5)10/h2-4H,1H3",C8H6ClFO,172.58,172.009121,5,,,,5, ,,,8,6,1,,1,1,,,,,,
https://comptox.epa.gov/dashboard/chemical/details/DTXSID9073129,Trimethylene glycol monomethyl ether,1589-49-7,JDFDHBSESGTDAL-UHFFFAOYSA-N,3-Methoxypropan-1-ol,COCCCO,"InChI=1S/C4H10O2/c1-6-4-2-3-5/h5H,2-4H2,1H3",C4H10O2,90.122,90.068080,36,,131,3,1, ,,,4,10,2,,,,,,,,,
https://comptox.epa.gov/dashboard/chemical/details/DTXSID401030864,(+/-)-2-Chloropropionitrile,1617-17-0,JNAYPRPPXRWGQO-UHFFFAOYSA-N,,CC(Cl)C#N,"InChI=1/C3H4ClN/c1-3(4)2-5/h3H,1H3",C3H4ClN,89.52,89.003227,9,,,,1, ,,,3,4,,1,,1,,,,,,
https://comptox.epa.gov/dashboard/chemical/details/DTXSID3074608,"Acetic acid, 2-methoxy-, methyl ester",6290-49-9,QRMHDGWGLNLHMN-UHFFFAOYSA-N,Methyl methoxyacetate,COCC(=O)OC,"InChI=1S/C4H8O3/c1-6-3-4(5)7-2/h3H2,1-2H3",C4H8O3,104.105,104.047344,58,4,99,,, ,,,4,8,3,,,,,,,,,
https://comptox.epa.gov/dashboard/chemical/details/DTXSID8040694,Butyl benzoate,136-60-7,XSIFPSYPOVKYCO-UHFFFAOYSA-N,Butyl benzoate,CCCCOC(=O)C1=CC=CC=C1,"InChI=1S/C11H14O2/c1-2-3-9-13-11(12)10-7-5-4-6-8-10/h4-8H,2-3,9H2,1H3",C11H14O2,178.231,178.099380,180,,117,3,1,13/862,2.0,862,11,14,2,,,,,,,,,
https://comptox.epa.gov/dashboard/chemical/details/DTXSID60339681,4-Methyl-2-heptyn-4-ol,4376-16-3,ZGPJPUGCDODKKH-UHFFFAOYSA-N,4-Methylhept-2-yn-4-ol,CCCC(C)(O)C#CC,"InChI=1S/C8H14O/c1-4-6-8(3,9)7-5-2/h9H,4,6H2,1-3H3",C8H14O,126.199,126.104465,5,,25,,5, ,,,8,14,1,,,,,,,,,
https://comptox.epa.gov/dashboard/chemical/details/DTXSID3057725,Cyclobutanecarboxylic acid,3721-95-7,TXWOGHSRPAYOML-UHFFFAOYSA-N,Cyclobutanecarboxylic acid,OC(=O)C1CCC1,"InChI=1S/C5H8O2/c6-5(7)4-2-1-3-4/h4H,1-3H2,(H,6,7)",C5H8O2,100.117,100.052429,63,,152,,1,0/156,0.0,156,5,8,2,,,,,,,,,
https://comptox.epa.gov/dashboard/chemical/details/DTXSID8074520,"Propionic acid, 3-ethoxy-, hexyl ester",14144-37-7,ZASWBHFDPXLANO-UHFFFAOYSA-N,Hexyl 3-ethoxypropanoate,CCCCCCOC(=O)CCOCC,"InChI=1S/C11H22O3/c1-3-5-6-7-9-14-11(12)8-10-13-4-2/h3-10H2,1-2H3",C11H22O3,202.294,202.156895,17,,11,,3, ,,,11,22,3,,,,,,,,,
https://comptox.epa.gov/dashboard/chemical/details/DTXSID1021667,Tribromoacetaldehyde,115-17-3,YTGSYRVSBPFKMQ-UHFFFAOYSA-N,Tribromoacetaldehyde,BrC(Br)(Br)C=O,"InChI=1S/C2HBr3O/c3-2(4,5)1-6/h1H",C2HBr3O,280.741,277.757754,104,1,76,,1,140/235,60.0,235,2,1,1,,,,,3,,,,
https://comptox.epa.gov/dashboard/chemical/details/DTXSID0065985,"1,4-Oxathiane",15980-15-1,JBYHSSAVUBIJMK-UHFFFAOYSA-N,"1,4-Oxathiane",C1CSCCO1,InChI=1S/C4H8OS/c1-3-6-4-2-5-1/h1-4H2,C4H8OS,104.17,104.029586,62,3,79,1,, ,,,4,8,1,,,,,,,1,,
https://comptox.epa.gov/dashboard/chemical/details/DTXSID601031682,Dibutyl propylmalonate,54580-49-3,VBPRCPAJVAYMNK-UHFFFAOYSA-N,,CCCCOC(=O)C(CCC)C(=O)OCCCC,"InChI=1S/C14H26O4/c1-4-7-10-17-13(15)12(9-6-3)14(16)18-11-8-5-2/h12H,4-11H2,1-3H3",C14H26O4,258.358,258.183109,1,,,,2, ,,,14,26,4,,,,,,,,,
https://comptox.epa.gov/dashboard/chemical/details/DTXSID8025094,Di(2-methoxyethyl) phthalate,117-82-8,HSUIVCLOAAJSRE-UHFFFAOYSA-N,"Bis(2-methoxyethyl) benzene-1,2-dicarboxylate",COCCOC(=O)C1=C(C=CC=C1)C(=O)OCCOC,"InChI=1S/C14H18O6/c1-17-7-9-19-13(15)11-5-3-4-6-12(11)14(16)20-10-8-18-2/h3-6H,7-10H2,1-2H3",C14H18O6,282.292,282.110338,130,9,90,1,1,10/408,2.0,408,14,18,6,,,,,,,,,
https://comptox.epa.gov/dashboard/chemical/details/DTXSID70891927,(2E)-2-Decene,20063-97-2,YKNMBTZOEVIJCM-HWKANZROSA-N,(2E)-Dec-2-ene,CCCCCCC\C=C\C,"InChI=1S/C10H20/c1-3-5-7-9-10-8-6-4-2/h3,5H,4,6-10H2,1-2H3/b5-3+",C10H20,140.27,140.156501,9,,41,,1, ,,,10,20,,,,,,,,,,
https://comptox.epa.gov/dashboard/chemical/details/DTXSID6065341,"Methane, bromomethoxy-",13057-17-5,JAMFGQBENKSWOF-UHFFFAOYSA-N,Bromo(methoxy)methane,COCBr,"InChI=1S/C2H5BrO/c1-4-2-3/h2H2,1H3",C2H5BrO,124.965,123.952378,22,,83,,, ,,,2,5,1,,,,,1,,,,
https://comptox.epa.gov/dashboard/chemical/details/DTXSID00188534,"(1,1,2,2-Tetrafluoroethoxy)benzene",350-57-2,GRDIVJPQARIBNZ-UHFFFAOYSA-N,"(1,1,2,2-Tetrafluoroethoxy)benzene",FC(F)C(F)(F)OC1=CC=CC=C1,"InChI=1S/C8H6F4O/c9-7(10)8(11,12)13-6-4-2-1-3-5-6/h1-5,7H",C8H6F4O,194.129,194.035477,29,,67,,1, ,,,8,6,1,,4,,,,,,,
https://comptox.epa.gov/dashboard/chemical/details/DTXSID2062165,o-Chlorocumene,2077-13-6,RNEMUWDQJSRDMQ-UHFFFAOYSA-N,1-Chloro-2-(propan-2-yl)benzene,CC(C)C1=C(Cl)C=CC=C1,"InChI=1S/C9H11Cl/c1-7(2)8-5-3-4-6-9(8)10/h3-7H,1-2H3",C9H11Cl,154.64,154.054928,37,,36,,, ,,,9,11,,,,1,,,,,,
https://comptox.epa.gov/dashboard/chemical/details/DTXSID70896831,"3,7-Dimethyldodecane",82144-67-0,TZYSQXWQKQZUNA-UHFFFAOYSA-N,"3,7-Dimethyldodecane",CCCCCC(C)CCCC(C)CC,"InChI=1S/C14H30/c1-5-7-8-10-14(4)12-9-11-13(3)6-2/h13-14H,5-12H2,1-4H3",C14H30,198.394,198.234751,3,,4,,4, ,,,14,30,,,,,,,,,,
https://comptox.epa.gov/dashboard/chemical/details/DTXSID701031916,2-(Dimethylamino)ethyl vinyl ether,3622-76-2,JWCDUUFOAZFFMX-UHFFFAOYSA-N,,CN(C)CCOC=C,"InChI=1S/C6H13NO/c1-4-8-6-5-7(2)3/h4H,1,5-6H2,2-3H3",C6H13NO,115.176,115.099714,8,,,,1, ,,,6,13,1,1,,,,,,,,
https://comptox.epa.gov/dashboard/chemical/details/DTXSID40219876,"2,4,6-Trifluoropyrimidine",696-82-2,NTSYSQNAPGMSIH-UHFFFAOYSA-N,"2,4,6-Trifluoropyrimidine",FC1=CC(F)=NC(F)=N1,InChI=1S/C4HF3N2/c5-2-1-3(6)9-4(7)8-2/h1H,C4HF3N2,134.061,134.009183,25,,93,,, ,,,4,1,,2,3,,,,,,,
https://comptox.epa.gov/dashboard/chemical/details/DTXSID6073948,"1,3-Butadiene, 1,2,3,4-tetrachloro-",1637-31-6,RLWBAEORPSFLTH-UHFFFAOYSA-N,"1,2,3,4-Tetrachlorobuta-1,3-diene",ClC=C(Cl)C(Cl)=CCl,InChI=1S/C4H2Cl4/c5-1-3(7)4(8)2-6/h1-2H,C4H2Cl4,191.86,189.891061,21,,6,,, ,,,4,2,,,,4,,,,,,
https://comptox.epa.gov/dashboard/chemical/details/DTXSID0060432,Butyl octanoate,589-75-3,PSXNDMJWRZYVTM-UHFFFAOYSA-N,Butyl octanoate,CCCCCCCC(=O)OCCCC,"InChI=1S/C12H24O2/c1-3-5-7-8-9-10-12(13)14-11-6-4-2/h3-11H2,1-2H3",C12H24O2,200.322,200.177630,62,3,53,,1, ,,,12,24,2,,,,,,,,,
https://comptox.epa.gov/dashboard/chemical/details/DTXSID70858752,Pentyl 2-hydroxypropanoate,6382-06-5,GXOHBWLPQHTYPF-UHFFFAOYSA-N,Pentyl 2-hydroxypropanoate,CCCCCOC(=O)C(C)O,"InChI=1S/C8H16O3/c1-3-4-5-6-11-8(10)7(2)9/h7,9H,3-6H2,1-2H3",C8H16O3,160.213,160.109944,45,,36,,1, ,,,8,16,3,,,,,,,,,
https://comptox.epa.gov/dashboard/chemical/details/DTXSID80174814,2-Octyn-1-ol,20739-58-6,TTWYFVOMGMBZCF-UHFFFAOYSA-N,Oct-2-yn-1-ol,CCCCCC#CCO,"InChI=1S/C8H14O/c1-2-3-4-5-6-7-8-9/h9H,2-5,8H2,1H3",C8H14O,126.199,126.104465,23,,74,,, ,,,8,14,1,,,,,,,,,
https://comptox.epa.gov/dashboard/chemical/details/DTXSID2021604,Hexanal,66-25-1,JARKCYVAAOWBJS-UHFFFAOYSA-N,Hexanal,CCCCCC=O,"InChI=1S/C6H12O/c1-2-3-4-5-6-7/h6H,2-5H2,1H3",C6H12O,100.161,100.088815,237,264,134,14,1,13/405,3.0,405,6,12,1,,,,,,,,,
https://comptox.epa.gov/dashboard/chemical/details/DTXSID0062397,"Propanenitrile, 3-bromo-",2417-90-5,CQZIEDXCLQOOEH-UHFFFAOYSA-N,3-Bromopropanenitrile,BrCCC#N,InChI=1S/C3H4BrN/c4-2-1-3-5/h1-2H2,C3H4BrN,133.976,132.952712,35,,86,1,, ,,,3,4,,1,,,,1,,,,
https://comptox.epa.gov/dashboard/chemical/details/DTXSID00207956,Non-2-yn-1-ol,5921-73-3,XERDOEKKHDALKJ-UHFFFAOYSA-N,Non-2-yn-1-ol,CCCCCCC#CCO,"InChI=1S/C9H16O/c1-2-3-4-5-6-7-8-9-10/h10H,2-6,9H2,1H3",C9H16O,140.226,140.120115,22,,62,,, ,,,9,16,1,,,,,,,,,
https://comptox.epa.gov/dashboard/chemical/details/DTXSID9025039,Diethylbutylamine,4444-68-2,ORSUTASIQKBEFU-UHFFFAOYSA-N,"N,N-Diethylbutan-1-amine",CCCCN(CC)CC,"InChI=1S/C8H19N/c1-4-7-8-9(5-2)6-3/h4-8H2,1-3H3",C8H19N,129.247,129.151750,18,,64,,2, ,,,8,19,,1,,,,,,,,
https://comptox.epa.gov/dashboard/chemical/details/DTXSID2073932,"1H-Indene, 2,3-dihydro-2-methyl-",824-63-5,MWGYLUXMIMSOTM-UHFFFAOYSA-N,"2-Methyl-2,3-dihydro-1H-indene",CC1CC2=C(C1)C=CC=C2,"InChI=1S/C10H12/c1-8-6-9-4-2-3-5-10(9)7-8/h2-5,8H,6-7H2,1H3",C10H12,132.206,132.093900,24,,41,,3, ,,,10,12,,,,,,,,,,
https://comptox.epa.gov/dashboard/chemical/details/DTXSID0047666,Allyl butyrate,2051-78-7,RMZIOVJHUJAAEY-UHFFFAOYSA-N,Prop-2-en-1-yl butanoate,CCCC(=O)OCC=C,"InChI=1S/C7H12O2/c1-3-5-7(8)9-6-4-2/h4H,2-3,5-6H2,1H3",C7H12O2,128.171,128.083730,90,,64,,1, ,,,7,12,2,,,,,,,,,
https://comptox.epa.gov/dashboard/chemical/details/DTXSID10211463,"1,3-Dichloro-3-methylbutane",624-96-4,QGCOTJZDMVMLRQ-UHFFFAOYSA-N,"1,3-Dichloro-3-methylbutane",CC(C)(Cl)CCCl,"InChI=1S/C5H10Cl2/c1-5(2,7)3-4-6/h3-4H2,1-2H3",C5H10Cl2,141.04,140.015956,25,,44,,, ,,,5,10,,,,2,,,,,,
https://comptox.epa.gov/dashboard/chemical/details/DTXSID10413526,"[(2,3-dimethyl-4-oxocyclohexa-2,5-dien-1-ylidene)amino] 3,5-dinitrobenzoate",6938-30-3,DFVPKLOAEGYEOQ-UHFFFAOYSA-N,"4-{[(3,5-Dinitrobenzoyl)oxy]imino}-2,3-dimethylcyclohexa-2,5-dien-1-one",CC1=C(C)C(C=CC1=O)=NOC(=O)C1=CC(=CC(=C1)[N+]([O-])=O)[N+]([O-])=O,"InChI=1S/C15H11N3O7/c1-8-9(2)14(19)4-3-13(8)16-25-15(20)10-5-11(17(21)22)7-12(6-10)18(23)24/h3-7H,1-2H3",C15H11N3O7,345.267,345.059700,2,,5,,5, ,,,15,11,7,3,,,,,,,,
https://comptox.epa.gov/dashboard/chemical/details/DTXSID4058817,"Ethane, 1,1,2-tribromo-",78-74-0,QUMDOMSJJIFTCA-UHFFFAOYSA-N,"1,1,2-Tribromoethane",BrCC(Br)Br,"InChI=1S/C2H3Br3/c3-1-2(4)5/h2H,1H2",C2H3Br3,266.758,263.778489,41,,54,,, ,,,2,3,,,,,,3,,,,
https://comptox.epa.gov/dashboard/chemical/details/DTXSID4073916,"Cyclobutane, methyl-",598-61-8,BDJAEZRIGNCQBZ-UHFFFAOYSA-N,Methylcyclobutane,CC1CCC1,"InChI=1S/C5H10/c1-5-3-2-4-5/h5H,2-4H2,1H3",C5H10,70.135,70.078250,25,,44,,3, ,,,5,10,,,,,,,,,,
https://comptox.epa.gov/dashboard/chemical/details/DTXSID50954241,Dipentyl 2-hydroxybutanedioate,32508-40-0,QYBQSAJWDVWJEB-UHFFFAOYSA-N,Dipentyl 2-hydroxybutanedioate,CCCCCOC(=O)CC(O)C(=O)OCCCCC,"InChI=1/C14H26O5/c1-3-5-7-9-18-13(16)11-12(15)14(17)19-10-8-6-4-2/h12,15H,3-11H2,1-2H3",C14H26O5,274.357,274.178024,5,,18,,1, ,,,14,26,5,,,,,,,,,
https://comptox.epa.gov/dashboard/chemical/details/DTXSID4061468,1-Methyl-3-propylbenzene,1074-43-7,QUEBYVKXYIKVSO-UHFFFAOYSA-N,1-Methyl-3-propylbenzene,CCCC1=CC(C)=CC=C1,"InChI=1S/C10H14/c1-3-5-10-7-4-6-9(2)8-10/h4,6-8H,3,5H2,1-2H3",C10H14,134.222,134.109550,74,,62,,1, ,,,10,14,,,,,,,,,,
https://comptox.epa.gov/dashboard/chemical/details/DTXSID5075288,"Butanoic acid, 1-methylethyl ester",638-11-9,FFOPEPMHKILNIT-UHFFFAOYSA-N,Propan-2-yl butanoate,CCCC(=O)OC(C)C,"InChI=1S/C7H14O2/c1-4-5-7(8)9-6(2)3/h6H,4-5H2,1-3H3",C7H14O2,130.187,130.099380,60,,70,,, ,,,7,14,2,,,,,,,,,
https://comptox.epa.gov/dashboard/chemical/details/DTXSID80615934,3-Chloro-2-methyl-2-butanol,21326-62-5,YYHQXKBKFKTDMP-UHFFFAOYSA-N,3-Chloro-2-methylbutan-2-ol,CC(Cl)C(C)(C)O,"InChI=1/C5H11ClO/c1-4(6)5(2,3)7/h4,7H,1-3H3",C5H11ClO,122.59,122.049843,6,,,,1, ,,,5,11,1,,,1,,,,,,
https://comptox.epa.gov/dashboard/chemical/details/DTXSID70860077,"5,​8,​11,​14,​17-​Eicosapentaenoic acid",1553-41-9,JAZBEHYOTPTENJ-UHFFFAOYSA-N,"Icosa-5,8,11,14,17-pentaenoic acid",CCC=CCC=CCC=CCC=CCC=CCCCC(O)=O,"InChI=1S/C20H30O2/c1-2-3-4-5-6-7-8-9-10-11-12-13-14-15-16-17-18-19-20(21)22/h3-4,6-7,9-10,12-13,15-16H,2,5,8,11,14,17-19H2,1H3,(H,21,22)",C20H30O2,302.458,302.224580,19,4997,44,,1, ,,,20,30,2,,,,,,,,,
https://comptox.epa.gov/dashboard/chemical/details/DTXSID40861697,"2-Propenoic acid, bicyclo[2.2.1]hept-5-en-2-ylmethyl ester",95-39-6,IEOVKCGOIXZDRK-UHFFFAOYSA-N,(Bicyclo[2.2.1]hept-5-en-2-yl)methyl prop-2-enoate,C=CC(=O)OCC1CC2CC1C=C2,"InChI=1S/C11H14O2/c1-2-11(12)13-7-10-6-8-3-4-9(10)5-8/h2-4,8-10H,1,5-7H2",C11H14O2,178.231,178.099380,38,,21,,, ,,,11,14,2,,,,,,,,,
https://comptox.epa.gov/dashboard/chemical/details/DTXSID9060027,"Benzaldehyde, 3-fluoro-",456-48-4,PIKNVEVCWAAOMJ-UHFFFAOYSA-N,3-Fluorobenzaldehyde,FC1=CC(C=O)=CC=C1,InChI=1S/C7H5FO/c8-7-3-1-2-6(4-7)5-9/h1-5H,C7H5FO,124.114,124.032443,40,,143,,, ,,,7,5,1,,1,,,,,,,
https://comptox.epa.gov/dashboard/chemical/details/DTXSID50879001,"2-HEXENE, 3-METHYL-, (Z)-",10574-36-4,JZMUUSXQSKCZNO-ALCCZGGFSA-N,(2Z)-3-Methylhex-2-ene,CCC\C(C)=C/C,"InChI=1S/C7H14/c1-4-6-7(3)5-2/h5H,4,6H2,1-3H3/b7-5-",C7H14,98.189,98.109550,14,,20,,5, ,,,7,14,,,,,,,,,,
https://comptox.epa.gov/dashboard/chemical/details/DTXSID4065781,1-Hexanesulfonyl chloride,14532-24-2,AEHJDQSLTMFLQO-UHFFFAOYSA-N,Hexane-1-sulfonyl chloride,CCCCCCS(Cl)(=O)=O,"InChI=1S/C6H13ClO2S/c1-2-3-4-5-6-10(7,8)9/h2-6H2,1H3",C6H13ClO2S,184.68,184.032478,24,,54,,, ,,,6,13,2,,,1,,,,1,,
https://comptox.epa.gov/dashboard/chemical/details/DTXSID5027019,Methyl tetradecanoate,124-10-7,ZAZKJZBWRNNLDS-UHFFFAOYSA-N,Methyl tetradecanoate,CCCCCCCCCCCCCC(=O)OC,"InChI=1S/C15H30O2/c1-3-4-5-6-7-8-9-10-11-12-13-14-15(16)17-2/h3-14H2,1-2H3",C15H30O2,242.403,242.224580,162,4,115,2,1,3/235,1.0,235,15,30,2,,,,,,,,,
https://comptox.epa.gov/dashboard/chemical/details/DTXSID5026889,Methyl dodecanoate,111-82-0,UQDUPQYQJKYHQI-UHFFFAOYSA-N,Methyl dodecanoate,CCCCCCCCCCCC(=O)OC,"InChI=1S/C13H26O2/c1-3-4-5-6-7-8-9-10-11-12-13(14)15-2/h3-12H2,1-2H3",C13H26O2,214.349,214.193280,210,12,129,10,1,12/857,1.0,857,13,26,2,,,,,,,,,
https://comptox.epa.gov/dashboard/chemical/details/DTXSID60873237,"2,4-Dimethylhexane",589-43-5,HDGQICNBXPAKLR-UHFFFAOYSA-N,"2,4-Dimethylhexane",CCC(C)CC(C)C,"InChI=1S/C8H18/c1-5-8(4)6-7(2)3/h7-8H,5-6H2,1-4H3",C8H18,114.232,114.140851,60,,85,,1, ,,,8,18,,,,,,,,,,
https://comptox.epa.gov/dashboard/chemical/details/DTXSID80188118,"1,5-Pentanediol, dinitrate",3457-92-9,MIYIEPHJPVBSEV-UHFFFAOYSA-N,"Pentane-1,5-diyl dinitrate",[O-][N+](=O)OCCCCCO[N+]([O-])=O,InChI=1S/C5H10N2O6/c8-6(9)12-4-2-1-3-5-13-7(10)11/h1-5H2,C5H10N2O6,194.143,194.053886,16,,17,,4, ,,,5,10,6,2,,,,,,,,
https://comptox.epa.gov/dashboard/chemical/details/DTXSID5027352,1-Chlorodecane,1002-69-3,ZTEHOZMYMCEYRM-UHFFFAOYSA-N,1-Chlorodecane,CCCCCCCCCCCl,"InChI=1S/C10H21Cl/c1-2-3-4-5-6-7-8-9-10-11/h2-10H2,1H3",C10H21Cl,176.73,176.133178,107,2,93,,1,0/235,0.0,235,10,21,,,,1,,,,,,
https://comptox.epa.gov/dashboard/chemical/details/DTXSID9020168,Bis(chloroethyl) ether,111-44-4,ZNSMNVMLTJELDZ-UHFFFAOYSA-N,1-Chloro-2-(2-chloroethoxy)ethane,ClCCOCCCl,InChI=1S/C4H8Cl2O/c5-1-3-7-4-2-6/h1-4H2,C4H8Cl2O,143.01,141.995220,264,12,120,17,1,11/929,1.0,929,4,8,1,,,2,,,,,,
https://comptox.epa.gov/dashboard/chemical/details/DTXSID10210597,1-Chlorobutan-2-one,616-27-3,AALRHBLMAVGWRR-UHFFFAOYSA-N,1-Chlorobutan-2-one,CCC(=O)CCl,"InChI=1S/C4H7ClO/c1-2-4(6)3-5/h2-3H2,1H3",C4H7ClO,106.55,106.018542,25,,48,,, ,,,4,7,1,,,1,,,,,,
https://comptox.epa.gov/dashboard/chemical/details/DTXSID00179588,"Naphthalene, 1-allyl-",2489-86-3,RJFCFNWLPJRCLR-UHFFFAOYSA-N,1-(Prop-2-en-1-yl)naphthalene,C=CCC1=CC=CC2=CC=CC=C12,"InChI=1S/C13H12/c1-2-6-11-8-5-9-12-7-3-4-10-13(11)12/h2-5,7-10H,1,6H2",C13H12,168.239,168.093900,15,,101,,, ,,,13,12,,,,,,,,,,
https://comptox.epa.gov/dashboard/chemical/details/DTXSID101030710,"2,4,6,8-Undecatetraenal",108670-79-7,WUGCJUPOLHRZFG-UHFFFAOYSA-N,,CCC=CC=CC=CC=CC=O,"InChI=1S/C11H14O/c1-2-3-4-5-6-7-8-9-10-11-12/h3-11H,2H2,1H3",C11H14O,162.232,162.104465,2,,,,2, ,,,11,14,1,,,,,,,,,
https://comptox.epa.gov/dashboard/chemical/details/DTXSID8029606,3-Methylbut-2-enal,107-86-8,SEPQTYODOKLVSB-UHFFFAOYSA-N,3-Methylbut-2-enal,CC(C)=CC=O,"InChI=1S/C5H8O/c1-5(2)3-4-6/h3-4H,1-2H3",C5H8O,84.118,84.057515,141,3,116,,1,0/235,0.0,235,5,8,1,,,,,,,,,
https://comptox.epa.gov/dashboard/chemical/details/DTXSID10871420,"3,3-Diethyl-2-methylpentane",52897-16-2,DSSAZLXYIQIXGW-UHFFFAOYSA-N,"3,3-Diethyl-2-methylpentane",CCC(CC)(CC)C(C)C,"InChI=1S/C10H22/c1-6-10(7-2,8-3)9(4)5/h9H,6-8H2,1-5H3",C10H22,142.286,142.172151,7,,15,,2, ,,,10,22,,,,,,,,,,
https://comptox.epa.gov/dashboard/chemical/details/DTXSID40940214,"Benzyl 2-ethylhexyl benzene-1,2-dicarboxylate",18750-05-5,RVBLXUAPXWEIPM-UHFFFAOYSA-N,"Benzyl 2-ethylhexyl benzene-1,2-dicarboxylate",CCCCC(CC)COC(=O)C1=CC=CC=C1C(=O)OCC1=CC=CC=C1,"InChI=1S/C23H28O4/c1-3-5-11-18(4-2)16-26-22(24)20-14-9-10-15-21(20)23(25)27-17-19-12-7-6-8-13-19/h6-10,12-15,18H,3-5,11,16-17H2,1-2H3",C23H28O4,368.473,368.198759,14,,38,,, ,,,23,28,4,,,,,,,,,
https://comptox.epa.gov/dashboard/chemical/details/DTXSID4022286,2-(Bromomethyl)tetrahydro-2H-pyran,34723-82-5,MHNWCBOXPOLLIB-UHFFFAOYSA-N,2-(Bromomethyl)oxane,BrCC1CCCCO1,"InChI=1S/C6H11BrO/c7-5-6-3-1-2-4-8-6/h6H,1-5H2",C6H11BrO,179.057,177.999328,27,,74,,2, ,,,6,11,1,,,,,1,,,,
https://comptox.epa.gov/dashboard/chemical/details/DTXSID9058816,"3,3-Bis(chloromethyl)oxetane",78-71-7,CXURGFRDGROIKG-UHFFFAOYSA-N,"3,3-Bis(chloromethyl)oxetane",ClCC1(CCl)COC1,InChI=1S/C5H8Cl2O/c6-1-5(2-7)3-8-4-5/h1-4H2,C5H8Cl2O,155.02,153.995220,64,,119,1,1, ,,,5,8,1,,,2,,,,,,
https://comptox.epa.gov/dashboard/chemical/details/DTXSID30214754,Dipentyl succinate,645-69-2,JYCRKSLWSLBYLT-UHFFFAOYSA-N,Dipentyl butanedioate,CCCCCOC(=O)CCC(=O)OCCCCC,"InChI=1S/C14H26O4/c1-3-5-7-11-17-13(15)9-10-14(16)18-12-8-6-4-2/h3-12H2,1-2H3",C14H26O4,258.358,258.183109,28,,53,,, ,,,14,26,4,,,,,,,,,
https://comptox.epa.gov/dashboard/chemical/details/DTXSID70870959,3-Methylheptan-2-one,2371-19-9,UHRZLJZZZDOHEX-UHFFFAOYSA-N,3-Methylheptan-2-one,CCCCC(C)C(C)=O,"InChI=1/C8H16O/c1-4-5-6-7(2)8(3)9/h7H,4-6H2,1-3H3",C8H16O,128.215,128.120115,21,,52,,, ,,,8,16,1,,,,,,,,,
https://comptox.epa.gov/dashboard/chemical/details/DTXSID80946230,"1,1,3-Tribromopropane",23511-78-6,PYTGCWNMUAUPPL-UHFFFAOYSA-N,"1,1,3-Tribromopropane",BrCCC(Br)Br,"InChI=1S/C3H5Br3/c4-2-1-3(5)6/h3H,1-2H2",C3H5Br3,280.785,277.794139,6,,22,,5, ,,,3,5,,,,,,3,,,,
https://comptox.epa.gov/dashboard/chemical/details/DTXSID70884112,"2-Butene, 1-bromo-",4784-77-4,AVMHMVJVHYGDOO-UHFFFAOYSA-N,1-Bromobut-2-ene,CC=CCBr,"InChI=1S/C4H7Br/c1-2-3-4-5/h2-3H,4H2,1H3",C4H7Br,135.004,133.973113,20,,31,,, ,,,4,7,,,,,,1,,,,
https://comptox.epa.gov/dashboard/chemical/details/DTXSID4064503,"Ethanone, 1-(2-hydroxy-4-methylphenyl)-",6921-64-8,LYKDOWJROLHYOT-UHFFFAOYSA-N,1-(2-Hydroxy-4-methylphenyl)ethan-1-one,CC(=O)C1=C(O)C=C(C)C=C1,"InChI=1S/C9H10O2/c1-6-3-4-8(7(2)10)9(11)5-6/h3-5,11H,1-2H3",C9H10O2,150.177,150.068080,36,,109,,, ,,,9,10,2,,,,,,,,,
https://comptox.epa.gov/dashboard/chemical/details/DTXSID1060429,4-Heptanol,589-55-9,YVBCULSIZWMTFY-UHFFFAOYSA-N,Heptan-4-ol,CCCC(O)CCC,"InChI=1S/C7H16O/c1-3-5-7(8)6-4-2/h7-8H,3-6H2,1-2H3",C7H16O,116.204,116.120115,74,,72,,, ,,,7,16,1,,,,,,,,,
https://comptox.epa.gov/dashboard/chemical/details/DTXSID90951012,3-Chloro-3-methyloctane,28320-88-9,XQAIFGVUAZKVJB-UHFFFAOYSA-N,3-Chloro-3-methyloctane,CCCCCC(C)(Cl)CC,"InChI=1S/C9H19Cl/c1-4-6-7-8-9(3,10)5-2/h4-8H2,1-3H3",C9H19Cl,162.7,162.117528,3,,18,,5, ,,,9,19,,,,1,,,,,,
https://comptox.epa.gov/dashboard/chemical/details/DTXSID3022455,Dimethyl phthalate,131-11-3,NIQCNGHVCWTJSM-UHFFFAOYSA-N,"Dimethyl benzene-1,2-dicarboxylate",COC(=O)C1=C(C=CC=C1)C(=O)OC,"InChI=1S/C10H10O4/c1-13-9(11)7-5-3-4-6-8(7)10(12)14-2/h3-6H,1-2H3",C10H10O4,194.186,194.057909,359,188,148,288,1,18/983,2.0,983,10,10,4,,,,,,,,,
https://comptox.epa.gov/dashboard/chemical/details/DTXSID6060395,"2,3-Dimethylpyridine",583-61-9,HPYNZHMRTTWQTB-UHFFFAOYSA-N,"2,3-Dimethylpyridine",CC1=C(C)N=CC=C1,"InChI=1S/C7H9N/c1-6-4-3-5-8-7(6)2/h3-5H,1-2H3",C7H9N,107.156,107.073499,75,,125,,1, ,,,7,9,,1,,,,,,,,
https://comptox.epa.gov/dashboard/chemical/details/DTXSID401033670,Undecyl valerate,81186-23-4,MTTLTPIFXXBAIT-UHFFFAOYSA-N,,CCCCCCCCCCCOC(=O)CCCC,"InChI=1S/C16H32O2/c1-3-5-7-8-9-10-11-12-13-15-18-16(17)14-6-4-2/h3-15H2,1-2H3",C16H32O2,256.43,256.240230,2,,,,2, ,,,16,32,2,,,,,,,,,
https://comptox.epa.gov/dashboard/chemical/details/DTXSID1027263,Pentyl acetate,628-63-7,PGMYKACGEOXYJE-UHFFFAOYSA-N,Pentyl acetate,CCCCCOC(C)=O,"InChI=1S/C7H14O2/c1-3-4-5-6-9-7(2)8/h3-6H2,1-2H3",C7H14O2,130.187,130.099380,259,120,118,1389,1,39/859,5.0,859,7,14,2,,,,,,,,,
https://comptox.epa.gov/dashboard/chemical/details/DTXSID70989873,Acenaphthylene-5-carbonitrile,69716-03-6,YCWHUWSMNBWSOM-UHFFFAOYSA-N,Acenaphthylene-5-carbonitrile,N#CC1=CC=C2C=CC3=C2C1=CC=C3,InChI=1S/C13H7N/c14-8-11-7-6-10-5-4-9-2-1-3-12(11)13(9)10/h1-7H,C13H7N,177.206,177.057849,4,,12,,, ,,,13,7,,1,,,,,,,,
https://comptox.epa.gov/dashboard/chemical/details/DTXSID8026305,"2,4-Dimethylaniline",95-68-1,CZZZABOKJQXEBO-UHFFFAOYSA-N,"2,4-Dimethylaniline",CC1=CC(C)=C(N)C=C1,"InChI=1S/C8H11N/c1-6-3-4-8(9)7(2)5-6/h3-5H,9H2,1-2H3",C8H11N,121.183,121.089149,182,23,155,3,1,1/235,0.0,235,8,11,,1,,,,,,,,
https://comptox.epa.gov/dashboard/chemical/details/DTXSID5027223,Butyl propionate,590-01-2,BTMVHUNTONAYDX-UHFFFAOYSA-N,Butyl propanoate,CCCCOC(=O)CC,"InChI=1S/C7H14O2/c1-3-5-6-9-7(8)4-2/h3-6H2,1-2H3",C7H14O2,130.187,130.099380,157,2,99,19,1,5/235,2.0,235,7,14,2,,,,,,,,,
https://comptox.epa.gov/dashboard/chemical/details/DTXSID2074297,Cyclopropylbenzene,873-49-4,VFSFCYAQBIPUSL-UHFFFAOYSA-N,Cyclopropylbenzene,C1CC1C1=CC=CC=C1,"InChI=1S/C9H10/c1-2-4-8(5-3-1)9-6-7-9/h1-5,9H,6-7H2",C9H10,118.179,118.078250,51,4,96,,, ,,,9,10,,,,,,,,,,
https://comptox.epa.gov/dashboard/chemical/details/DTXSID4021923,Cyclohexane,110-82-7,XDTMQSROBMDMFD-UHFFFAOYSA-N,Cyclohexane,C1CCCCC1,InChI=1S/C6H12/c1-2-4-6-5-3-1/h1-6H2,C6H12,84.162,84.093900,346,608,527,852,1,3/403,1.0,403,6,12,,,,,,,,,,
https://comptox.epa.gov/dashboard/chemical/details/DTXSID9047176,4-Phenyl-1-cyclohexene,4994-16-5,XWCWNUSFQVJNDI-UHFFFAOYSA-N,"1,2,3,6-Tetrahydro-1,1'-biphenyl",C1CC(CC=C1)C1=CC=CC=C1,"InChI=1S/C12H14/c1-3-7-11(8-4-1)12-9-5-2-6-10-12/h1-5,7-8,12H,6,9-10H2",C12H14,158.244,158.109550,70,,61,1,1,6/238,3.0,238,12,14,,,,,,,,,,
https://comptox.epa.gov/dashboard/chemical/details/DTXSID90871362,"bicyclo[2.2.1]heptane, 2-chloro-",29342-53-8,PJWBUKHIZPKRJF-UHFFFAOYSA-N,2-Chlorobicyclo[2.2.1]heptane,ClC1CC2CCC1C2,"InChI=1S/C7H11Cl/c8-7-4-5-1-2-6(7)3-5/h5-7H,1-4H2",C7H11Cl,130.62,130.054928,25,,33,,1, ,,,7,11,,,,1,,,,,,
https://comptox.epa.gov/dashboard/chemical/details/DTXSID80297234,2-Butyl-3-hexylnaphthalene,55000-56-1,KIOGLHSMEPYIQR-UHFFFAOYSA-N,2-Butyl-3-hexylnaphthalene,CCCCCCC1=CC2=CC=CC=C2C=C1CCCC,"InChI=1S/C20H28/c1-3-5-7-8-12-18-16-20-14-10-9-13-19(20)15-17(18)11-6-4-2/h9-10,13-16H,3-8,11-12H2,1-2H3",C20H28,268.444,268.219101,6,,18,,5, ,,,20,28,,,,,,,,,,
https://comptox.epa.gov/dashboard/chemical/details/DTXSID0044448,4-Pentenoic acid,591-80-0,HVAMZGADVCBITI-UHFFFAOYSA-N,Pent-4-enoic acid,OC(=O)CCC=C,"InChI=1S/C5H8O2/c1-2-3-4-5(6)7/h2H,1,3-4H2,(H,6,7)",C5H8O2,100.117,100.052429,116,66,135,,1,0/235,0.0,235,5,8,2,,,,,,,,,
https://comptox.epa.gov/dashboard/chemical/details/DTXSID2052734,Diisobutyl succinate,925-06-4,QCOAPBRVQHMEPF-UHFFFAOYSA-N,Bis(2-methylpropyl) butanedioate,CC(C)COC(=O)CCC(=O)OCC(C)C,"InChI=1S/C12H22O4/c1-9(2)7-15-11(13)5-6-12(14)16-8-10(3)4/h9-10H,5-8H2,1-4H3",C12H22O4,230.304,230.151809,60,,47,2,1, ,,,12,22,4,,,,,,,,,
https://comptox.epa.gov/dashboard/chemical/details/DTXSID0059954,"Benzonitrile, 3-fluoro-",403-54-3,JZTPKAROPNTQQV-UHFFFAOYSA-N,3-Fluorobenzonitrile,FC1=CC(=CC=C1)C#N,InChI=1S/C7H4FN/c8-7-3-1-2-6(4-7)5-9/h1-4H,C7H4FN,121.114,121.032777,47,,139,,, ,,,7,4,,1,1,,,,,,,
https://comptox.epa.gov/dashboard/chemical/details/DTXSID20174550,"Pyridine, 3-((diethylamino)methyl)-",2055-14-3,UEUUOSYQIZIXMD-UHFFFAOYSA-N,N-Ethyl-N-[(pyridin-3-yl)methyl]ethanamine,CCN(CC)CC1=CN=CC=C1,"InChI=1S/C10H16N2/c1-3-12(4-2)9-10-6-5-7-11-8-10/h5-8H,3-4,9H2,1-2H3",C10H16N2,164.252,164.131349,13,,19,,, ,,,10,16,,2,,,,,,,,
https://comptox.epa.gov/dashboard/chemical/details/DTXSID2025478,Isopropyl acetate,108-21-4,JMMWKPVZQRWMSS-UHFFFAOYSA-N,Propan-2-yl acetate,CC(C)OC(C)=O,"InChI=1S/C5H10O2/c1-4(2)7-5(3)6/h4H,1-3H3",C5H10O2,102.133,102.068080,250,8,184,200,1,9/442,2.0,442,5,10,2,,,,,,,,,
https://comptox.epa.gov/dashboard/chemical/details/DTXSID5026259,Tris(2-chloroisopropyl)phosphate,13674-84-5,KVMPUXDNESXNOH-UHFFFAOYSA-N,Tris(1-chloropropan-2-yl) phosphate,CC(CCl)OP(=O)(OC(C)CCl)OC(C)CCl,"InChI=1/C9H18Cl3O4P/c1-7(4-10)14-17(13,15-8(2)5-11)16-9(3)6-12/h7-9H,4-6H2,1-3H3",C9H18Cl3O4P,327.56,326.000829,251,53,89,40,1,28/734,4.0,734,9,18,4,,,3,1,,,,,
https://comptox.epa.gov/dashboard/chemical/details/DTXSID10180509,Hept-3-yne,2586-89-2,KLYHSJRCIZOUHE-UHFFFAOYSA-N,Hept-3-yne,CCCC#CCC,"InChI=1S/C7H12/c1-3-5-7-6-4-2/h3-5H2,1-2H3",C7H12,96.173,96.093900,33,,55,,, ,,,7,12,,,,,,,,,,
https://comptox.epa.gov/dashboard/chemical/details/DTXSID8060244,"Propanedioic acid, bis(1,1-dimethylethyl) ester",541-16-2,CLPHAYNBNTVRDI-UHFFFAOYSA-N,Di-tert-butyl propanedioate,CC(C)(C)OC(=O)CC(=O)OC(C)(C)C,"InChI=1S/C11H20O4/c1-10(2,3)14-8(12)7-9(13)15-11(4,5)6/h7H2,1-6H3",C11H20O4,216.277,216.136159,38,,120,,, ,,,11,20,4,,,,,,,,,
https://comptox.epa.gov/dashboard/chemical/details/DTXSID5064916,"Acetic acid, 2-ethylbutyl ester",10031-87-5,HQLKZWRSOHTERR-UHFFFAOYSA-N,2-Ethylbutyl acetate,CCC(CC)COC(C)=O,"InChI=1S/C8H16O2/c1-4-8(5-2)6-10-7(3)9/h8H,4-6H2,1-3H3",C8H16O2,144.214,144.115030,66,,63,,, ,,,8,16,2,,,,,,,,,
https://comptox.epa.gov/dashboard/chemical/details/DTXSID4075409,"Benzenemethanol, 4-fluoro-",459-56-3,GEZMEIHVFSWOCA-UHFFFAOYSA-N,(4-Fluorophenyl)methanol,OCC1=CC=C(F)C=C1,"InChI=1S/C7H7FO/c8-7-3-1-6(5-9)2-4-7/h1-4,9H,5H2",C7H7FO,126.13,126.048093,39,,130,,, ,,,7,7,1,,1,,,,,,,
https://comptox.epa.gov/dashboard/chemical/details/DTXSID60227312,Cyclobutanecarboxylic acid methyl ester,765-85-5,CBTGNLZUIZHUHY-UHFFFAOYSA-N,Methyl cyclobutanecarboxylate,COC(=O)C1CCC1,"InChI=1S/C6H10O2/c1-8-6(7)5-3-2-4-5/h5H,2-4H2,1H3",C6H10O2,114.144,114.068080,7,,85,,4, ,,,6,10,2,,,,,,,,,
https://comptox.epa.gov/dashboard/chemical/details/DTXSID60152317,"1,6-Hexane dithiol",1191-43-1,SRZXCOWFGPICGA-UHFFFAOYSA-N,"Hexane-1,6-dithiol",SCCCCCCS,"InChI=1S/C6H14S2/c7-5-3-1-2-4-6-8/h7-8H,1-6H2",C6H14S2,150.3,150.053693,48,,90,1,, ,,,6,14,,,,,,,,2,,
https://comptox.epa.gov/dashboard/chemical/details/DTXSID10878696,"Glycolic acid, methyl ester, nitrate",4059-62-5,RSSRDMODZVKNPX-UHFFFAOYSA-N,Methyl (nitrooxy)acetate,COC(=O)CON(=O)=O,"InChI=1S/C3H5NO5/c1-8-3(5)2-9-4(6)7/h2H2,1H3",C3H5NO5,135.075,135.016772,7,,5,,5, ,,,3,5,5,1,,,,,,,,
https://comptox.epa.gov/dashboard/chemical/details/DTXSID6040111,Ethyl butyrate,105-54-4,OBNCKNCVKJNDBV-UHFFFAOYSA-N,Ethyl butanoate,CCCC(=O)OCC,"InChI=1S/C6H12O2/c1-3-5-6(7)8-4-2/h3-5H2,1-2H3",C6H12O2,116.16,116.083730,227,48,116,70,1,15/853,2.0,853,6,12,2,,,,,,,,,
https://comptox.epa.gov/dashboard/chemical/details/DTXSID10926767,3-Chloro-4-oxopentyl acetate,13051-49-5,LQKQGYIKTRJVJF-UHFFFAOYSA-N,3-Chloro-4-oxopentyl acetate,CC(=O)OCCC(Cl)C(C)=O,"InChI=1S/C7H11ClO3/c1-5(9)7(8)3-4-11-6(2)10/h7H,3-4H2,1-2H3",C7H11ClO3,178.61,178.039672,18,,48,,, ,,,7,11,3,,,1,,,,,,
https://comptox.epa.gov/dashboard/chemical/details/DTXSID9058783,"Ethane, iodo-",75-03-6,HVTICUPFWKNHNG-UHFFFAOYSA-N,Iodoethane,CCI,"InChI=1S/C2H5I/c1-2-3/h2H2,1H3",C2H5I,155.966,155.943600,106,4,162,1,, ,,,2,5,,,,,,,1,,,
https://comptox.epa.gov/dashboard/chemical/details/DTXSID5027146,Diethyl sulfide,352-93-2,LJSQFQKUNVCTIA-UHFFFAOYSA-N,(Ethylsulfanyl)ethane,CCSCC,"InChI=1S/C4H10S/c1-3-5-4-2/h3-4H2,1-2H3",C4H10S,90.18,90.050321,146,10,108,3,1,31/235,13.0,235,4,10,,,,,,,,1,,
https://comptox.epa.gov/dashboard/chemical/details/DTXSID20871411,"hexane, 3-ethyl-2,5-dimethyl-",52897-04-8,UJEUVDLASLOZIV-UHFFFAOYSA-N,"3-Ethyl-2,5-dimethylhexane",CCC(CC(C)C)C(C)C,"InChI=1S/C10H22/c1-6-10(9(4)5)7-8(2)3/h8-10H,6-7H2,1-5H3",C10H22,142.286,142.172151,17,,22,,2, ,,,10,22,,,,,,,,,,
https://comptox.epa.gov/dashboard/chemical/details/DTXSID9059882,Ethyl perfluorobutanoate,356-27-4,JVHJRIQPDBCRRE-UHFFFAOYSA-N,Ethyl heptafluorobutanoate,CCOC(=O)C(F)(F)C(F)(F)C(F)(F)F,"InChI=1S/C6H5F7O2/c1-2-15-3(14)4(7,8)5(9,10)6(11,12)13/h2H2,1H3",C6H5F7O2,242.093,242.017777,64,,70,,1, ,,,6,5,2,,7,,,,,,,
https://comptox.epa.gov/dashboard/chemical/details/DTXSID20203379,"1,1-Dicyclohexylbutane",54890-00-5,HYUXMTCTXARFET-UHFFFAOYSA-N,"1,1'-(Butane-1,1-diyl)dicyclohexane",CCCC(C1CCCCC1)C1CCCCC1,"InChI=1S/C16H30/c1-2-9-16(14-10-5-3-6-11-14)15-12-7-4-8-13-15/h14-16H,2-13H2,1H3",C16H30,222.416,222.234751,18,,14,,4, ,,,16,30,,,,,,,,,,
https://comptox.epa.gov/dashboard/chemical/details/DTXSID8048527,"2,6-Lupetidine",504-03-0,SDGKUVSVPIIUCF-UHFFFAOYSA-N,"2,6-Dimethylpiperidine",CC1CCCC(C)N1,"InChI=1/C7H15N/c1-6-4-3-5-7(2)8-6/h6-8H,3-5H2,1-2H3",C7H15N,113.204,113.120449,55,5,131,1,1, ,,,7,15,,1,,,,,,,,
https://comptox.epa.gov/dashboard/chemical/details/DTXSID70863962,"Spiro[bicyclo[3.1.1]heptane-2,2'-oxirane], 6,6-dimethyl-",6931-54-0,OUXAABAEPHHZPC-UHFFFAOYSA-N,"6,6-Dimethylspiro[bicyclo[3.1.1]heptane-2,2'-oxirane]",[H]C12CC([H])(C3(CO3)CC1)C2(C)C,"InChI=1S/C10H16O/c1-9(2)7-3-4-10(6-11-10)8(9)5-7/h7-8H,3-6H2,1-2H3",C10H16O,152.237,152.120115,42,,34,,, ,,,10,16,1,,,,,,,,,
https://comptox.epa.gov/dashboard/chemical/details/DTXSID5063788,"Quinoline, 6-bromo-",5332-25-2,IFIHYLCUKYCKRH-UHFFFAOYSA-N,6-Bromoquinoline,BrC1=CC=C2N=CC=CC2=C1,InChI=1S/C9H6BrN/c10-8-3-4-9-7(6-8)2-1-5-11-9/h1-6H,C9H6BrN,208.058,206.968362,41,,167,,, ,,,9,6,,1,,,,1,,,,
https://comptox.epa.gov/dashboard/chemical/details/DTXSID20879270,"Phosphoric acid, diethyl 2-methylpropyl ester",26628-97-7,VAUVEZMZAPNZOT-UHFFFAOYSA-N,Diethyl 2-methylpropyl phosphate,CCOP(=O)(OCC)OCC(C)C,"InChI=1S/C8H19O4P/c1-5-10-13(9,11-6-2)12-7-8(3)4/h8H,5-7H2,1-4H3",C8H19O4P,210.21,210.102096,7,,9,,, ,,,8,19,4,,,,1,,,,,
https://comptox.epa.gov/dashboard/chemical/details/DTXSID20919781,"3-[(Tetradeca-1,3,5,7,9-pentaen-1-yl)oxy]propane-1,2-diol",91379-15-6,UCSSTHOWGCFAPL-KRWDZBQOSA-N,"(2S)-3-[(Tetradeca-1,3,5,7,9-pentaen-1-yl)oxy]propane-1,2-diol",[H]C(CCCC)=C([H])C([H])=C([H])C([H])=C([H])C([H])=C([H])C([H])=C([H])OC[C@@]([H])(O)CO,"InChI=1S/C17H26O3/c1-2-3-4-5-6-7-8-9-10-11-12-13-14-20-16-17(19)15-18/h5-14,17-19H,2-4,15-16H2,1H3/t17-/m0/s1",C17H26O3,278.392,278.188195,5,,,,5, ,,,17,26,3,,,,,,,,,
https://comptox.epa.gov/dashboard/chemical/details/DTXSID40146618,Ethyl dimethyl phosphate,10463-05-5,JQVXMIPNQMYRPE-UHFFFAOYSA-N,Ethyl dimethyl phosphate,CCOP(=O)(OC)OC,"InChI=1S/C4H11O4P/c1-4-8-9(5,6-2)7-3/h4H2,1-3H3",C4H11O4P,154.102,154.039496,13,,23,,1, ,,,4,11,4,,,,1,,,,,
https://comptox.epa.gov/dashboard/chemical/details/DTXSID9060659,"Ethanedioic acid, di-2-propenyl ester",615-99-6,BKXRKRANFLFTFU-UHFFFAOYSA-N,Diprop-2-en-1-yl ethanedioate,C=CCOC(=O)C(=O)OCC=C,"InChI=1S/C8H10O4/c1-3-5-11-7(9)8(10)12-6-4-2/h3-4H,1-2,5-6H2",C8H10O4,170.164,170.057909,24,,47,,, ,,,8,10,4,,,,,,,,,
https://comptox.epa.gov/dashboard/chemical/details/DTXSID3051462,1-Chloropropane,540-54-5,SNMVRZFUUCLYTO-UHFFFAOYSA-N,1-Chloropropane,CCCCl,"InChI=1S/C3H7Cl/c1-2-3-4/h2-3H2,1H3",C3H7Cl,78.54,78.023628,107,7,92,1,1, ,,,3,7,,,,1,,,,,,
https://comptox.epa.gov/dashboard/chemical/details/DTXSID20871052,3-Ethyl-1-pentene,4038-04-4,YPVPQMCSLFDIKA-UHFFFAOYSA-N,3-Ethylpent-1-ene,CCC(CC)C=C,"InChI=1S/C7H14/c1-4-7(5-2)6-3/h4,7H,1,5-6H2,2-3H3",C7H14,98.189,98.109550,29,,38,,1, ,,,7,14,,,,,,,,,,
https://comptox.epa.gov/dashboard/chemical/details/DTXSID3021986,Tributyl phosphate,126-73-8,STCOOQWBFONSKY-UHFFFAOYSA-N,Tributyl phosphate,CCCCOP(=O)(OCCCC)OCCCC,"InChI=1S/C12H27O4P/c1-4-7-10-14-17(13,15-11-8-5-2)16-12-9-6-3/h4-12H2,1-3H3",C12H27O4P,266.318,266.164696,318,188,127,276,1,93/1095,8.0,1095,12,27,4,,,,1,,,,,
https://comptox.epa.gov/dashboard/chemical/details/DTXSID8060113,Cycloheptanone,502-42-1,CGZZMOTZOONQIA-UHFFFAOYSA-N,Cycloheptanone,O=C1CCCCCC1,InChI=1S/C7H12O/c8-7-5-3-1-2-4-6-7/h1-6H2,C7H12O,112.172,112.088815,75,12,127,1,, ,,,7,12,1,,,,,,,,,
https://comptox.epa.gov/dashboard/chemical/details/DTXSID50870654,"2,3-Dibromo-2-methylbutane",594-51-4,XLTWAJQKAGLQDX-UHFFFAOYSA-N,"2,3-Dibromo-2-methylbutane",CC(Br)C(C)(C)Br,"InChI=1/C5H10Br2/c1-4(6)5(2,3)7/h4H,1-3H3",C5H10Br2,229.943,227.914926,13,,33,,1, ,,,5,10,,,,,,2,,,,
https://comptox.epa.gov/dashboard/chemical/details/DTXSID30239144,Hex-3-yne,928-49-4,DQQNMIPXXNPGCV-UHFFFAOYSA-N,Hex-3-yne,CCC#CCC,"InChI=1S/C6H10/c1-3-5-6-4-2/h3-4H2,1-2H3",C6H10,82.146,82.078250,50,,72,,1, ,,,6,10,,,,,,,,,,
https://comptox.epa.gov/dashboard/chemical/details/DTXSID70871668,"1,2,2a,3,4,5-Hexahydroacenaphthylene",480-72-8,BDAGIAXQQBRORQ-UHFFFAOYSA-N,"1,2,2a,3,4,5-Hexahydroacenaphthylene",C1CC2=CC=CC3=C2C1CCC3,"InChI=1/C12H14/c1-3-9-4-2-6-11-8-7-10(5-1)12(9)11/h1,3,5,11H,2,4,6-8H2",C12H14,158.244,158.109550,18,,34,,2, ,,,12,14,,,,,,,,,,
https://comptox.epa.gov/dashboard/chemical/details/DTXSID201033850,"3,12-Dichloro-3,12-diethyltetradecane",857751-31-6,KZGHRXGGGPLNKY-UHFFFAOYSA-N,,CCC(Cl)(CC)CCCCCCCCC(Cl)(CC)CC,"InChI=1S/C18H36Cl2/c1-5-17(19,6-2)15-13-11-9-10-12-14-16-18(20,7-3)8-4/h5-16H2,1-4H3",C18H36Cl2,323.39,322.219407,1,,,,2, ,,,18,36,,,,2,,,,,,
https://comptox.epa.gov/dashboard/chemical/details/DTXSID7020681,Heptylamine,111-68-2,WJYIASZWHGOTOU-UHFFFAOYSA-N,Heptan-1-amine,CCCCCCCN,"InChI=1S/C7H17N/c1-2-3-4-5-6-7-8/h2-8H2,1H3",C7H17N,115.22,115.136100,114,,105,1,1,0/235,0.0,235,7,17,,1,,,,,,,,
https://comptox.epa.gov/dashboard/chemical/details/DTXSID30202313,Cyclopropyl methyl ether,540-47-6,ZUVAACFIEPYYOP-UHFFFAOYSA-N,Methoxycyclopropane,COC1CC1,"InChI=1S/C4H8O/c1-5-4-2-3-4/h4H,2-3H2,1H3",C4H8O,72.107,72.057515,28,,34,,, ,,,4,8,1,,,,,,,,,
https://comptox.epa.gov/dashboard/chemical/details/DTXSID0047581,n-Amyl caproate,540-07-8,WRFZKAGPPQGDDQ-UHFFFAOYSA-N,Pentyl hexanoate,CCCCCOC(=O)CCCCC,"InChI=1S/C11H22O2/c1-3-5-7-9-11(12)13-10-8-6-4-2/h3-10H2,1-2H3",C11H22O2,186.295,186.161980,110,,76,,1,0/400,0.0,400,11,22,2,,,,,,,,,
https://comptox.epa.gov/dashboard/chemical/details/DTXSID30145675,4-Isobutylmorpholine,10315-98-7,QKVSMSABRNCNRS-UHFFFAOYSA-N,4-(2-Methylpropyl)morpholine,CC(C)CN1CCOCC1,"InChI=1S/C8H17NO/c1-8(2)7-9-3-5-10-6-4-9/h8H,3-7H2,1-2H3",C8H17NO,143.23,143.131014,41,,47,,, ,,,8,17,1,1,,,,,,,,
https://comptox.epa.gov/dashboard/chemical/details/DTXSID9047702,2-Propylphenol,644-35-9,LCHYEKKJCUJAKN-UHFFFAOYSA-N,2-Propylphenol,CCCC1=C(O)C=CC=C1,"InChI=1S/C9H12O/c1-2-5-8-6-3-4-7-9(8)10/h3-4,6-7,10H,2,5H2,1H3",C9H12O,136.194,136.088815,123,2,101,,1,6/400,2.0,400,9,12,1,,,,,,,,,
https://comptox.epa.gov/dashboard/chemical/details/DTXSID7063479,"Propane, 2,2',2''-[methylidynetris(oxy)]tris-",4447-60-3,FPIVAWNGRDHRSQ-UHFFFAOYSA-N,2-{Bis[(propan-2-yl)oxy]methoxy}propane,CC(C)OC(OC(C)C)OC(C)C,"InChI=1S/C10H22O3/c1-7(2)11-10(12-8(3)4)13-9(5)6/h7-10H,1-6H3",C10H22O3,190.283,190.156895,34,,73,,, ,,,10,22,3,,,,,,,,,
https://comptox.epa.gov/dashboard/chemical/details/DTXSID3024940,Dibromoacetonitrile,3252-43-5,NDSBDLSWTGLNQA-UHFFFAOYSA-N,Dibromoacetonitrile,BrC(Br)C#N,InChI=1S/C2HBr2N/c3-2(4)1-5/h2H,C2HBr2N,198.845,196.847575,134,20,85,5,1,25/886,3.0,886,2,1,,1,,,,2,,,,
https://comptox.epa.gov/dashboard/chemical/details/DTXSID1074591,"Benzaldehyde, 3-chloro-",587-04-2,SRWILAKSARHZPR-UHFFFAOYSA-N,3-Chlorobenzaldehyde,ClC1=CC=CC(C=O)=C1,InChI=1S/C7H5ClO/c8-7-3-1-2-6(4-7)5-9/h1-5H,C7H5ClO,140.57,140.002893,58,,147,,, ,,,7,5,1,,,1,,,,,,
https://comptox.epa.gov/dashboard/chemical/details/DTXSID90209444,6-Dodecanone,6064-27-3,ZAQZICGOYPRHCK-UHFFFAOYSA-N,Dodecan-6-one,CCCCCCC(=O)CCCCC,"InChI=1S/C12H24O/c1-3-5-7-9-11-12(13)10-8-6-4-2/h3-11H2,1-2H3",C12H24O,184.323,184.182715,15,,33,,4, ,,,12,24,1,,,,,,,,,
https://comptox.epa.gov/dashboard/chemical/details/DTXSID4027367,1-Tetradecene,1120-36-1,HFDVRLIODXPAHB-UHFFFAOYSA-N,Tetradec-1-ene,CCCCCCCCCCCCC=C,"InChI=1S/C14H28/c1-3-5-7-9-11-13-14-12-10-8-6-4-2/h3H,1,4-14H2,2H3",C14H28,196.378,196.219101,173,,111,10,1,21/861,2.0,861,14,28,,,,,,,,,,
https://comptox.epa.gov/dashboard/chemical/details/DTXSID80231370,Diisopentyl succinate,818-04-2,VITLQDOBPXWZLH-UHFFFAOYSA-N,Bis(3-methylbutyl) butanedioate,CC(C)CCOC(=O)CCC(=O)OCCC(C)C,"InChI=1S/C14H26O4/c1-11(2)7-9-17-13(15)5-6-14(16)18-10-8-12(3)4/h11-12H,5-10H2,1-4H3",C14H26O4,258.358,258.183109,24,,45,,, ,,,14,26,4,,,,,,,,,
https://comptox.epa.gov/dashboard/chemical/details/DTXSID8025250,"1,2-Epoxy-4,4,4-trichlorobutane",3083-25-8,CYYDNXCYDWWSPS-UHFFFAOYSA-N,"2-(2,2,2-Trichloroethyl)oxirane",ClC(Cl)(Cl)CC1CO1,"InChI=1S/C4H5Cl3O/c5-4(6,7)1-3-2-8-3/h3H,1-2H2",C4H5Cl3O,175.43,173.940598,47,,35,,1, ,,,4,5,1,,,3,,,,,,
https://comptox.epa.gov/dashboard/chemical/details/DTXSID6020307,Chloromethyl methyl ether,107-30-2,XJUZRXYOEPSWMB-UHFFFAOYSA-N,Chloro(methoxy)methane,COCCl,"InChI=1S/C2H5ClO/c1-4-2-3/h2H2,1H3",C2H5ClO,80.51,80.002893,181,8,115,,1,19/489,4.0,489,2,5,1,,,1,,,,,,
https://comptox.epa.gov/dashboard/chemical/details/DTXSID8060903,"1,2,3,4-Tetrahydroquinoline",635-46-1,LBUJPTNKIBCYBY-UHFFFAOYSA-N,"1,2,3,4-Tetrahydroquinoline",C1CNC2=C(C1)C=CC=C2,"InChI=1S/C9H11N/c1-2-6-9-8(4-1)5-3-7-10-9/h1-2,4,6,10H,3,5,7H2",C9H11N,133.194,133.089149,81,115,212,9,, ,,,9,11,,1,,,,,,,,
https://comptox.epa.gov/dashboard/chemical/details/DTXSID30219244,"Oxetane, 3,3-dimethyl- (9CI)",6921-35-3,RVGLUKRYMXEQAH-UHFFFAOYSA-N,"3,3-Dimethyloxetane",CC1(C)COC1,"InChI=1S/C5H10O/c1-5(2)3-6-4-5/h3-4H2,1-2H3",C5H10O,86.134,86.073165,17,,48,,, ,,,5,10,1,,,,,,,,,
https://comptox.epa.gov/dashboard/chemical/details/DTXSID6073237,"Benzenemethanamine, N,N-diethyl-",772-54-3,ZWRDBWDXRLPESY-UHFFFAOYSA-N,N-Benzyl-N-ethylethanamine,CCN(CC)CC1=CC=CC=C1,"InChI=1S/C11H17N/c1-3-12(4-2)10-11-8-6-5-7-9-11/h5-9H,3-4,10H2,1-2H3",C11H17N,163.264,163.136100,32,,86,,, ,,,11,17,,1,,,,,,,,
https://comptox.epa.gov/dashboard/chemical/details/DTXSID50208413,5-Butyl-5-nonanol,597-93-3,RWKMYNWNESNJQQ-UHFFFAOYSA-N,5-Butylnonan-5-ol,CCCCC(O)(CCCC)CCCC,"InChI=1S/C13H28O/c1-4-7-10-13(14,11-8-5-2)12-9-6-3/h14H,4-12H2,1-3H3",C13H28O,200.366,200.214016,14,,27,,4, ,,,13,28,1,,,,,,,,,
https://comptox.epa.gov/dashboard/chemical/details/DTXSID30870995,3-Ethylcyclohex-1-ene,2808-71-1,BAGSBIKCNLYDJO-UHFFFAOYSA-N,3-Ethylcyclohex-1-ene,CCC1CCCC=C1,"InChI=1/C8H14/c1-2-8-6-4-3-5-7-8/h4,6,8H,2-3,5,7H2,1H3",C8H14,110.2,110.109550,11,,25,,5, ,,,8,14,,,,,,,,,,
https://comptox.epa.gov/dashboard/chemical/details/DTXSID8065828,3-Octyn-1-ol,14916-80-4,LRZGRGVRZSDRTK-UHFFFAOYSA-N,Oct-3-yn-1-ol,CCCCC#CCCO,"InChI=1S/C8H14O/c1-2-3-4-5-6-7-8-9/h9H,2-4,7-8H2,1H3",C8H14O,126.199,126.104465,37,,80,,, ,,,8,14,1,,,,,,,,,
https://comptox.epa.gov/dashboard/chemical/details/DTXSID8052198,Di-iso-amyl ether,544-01-4,AQZGPSLYZOOYQP-UHFFFAOYSA-N,3-Methyl-1-(3-methylbutoxy)butane,CC(C)CCOCCC(C)C,"InChI=1S/C10H22O/c1-9(2)5-7-11-8-6-10(3)4/h9-10H,5-8H2,1-4H3",C10H22O,158.285,158.167065,121,,71,,1,4/304,1.0,304,10,22,1,,,,,,,,,
https://comptox.epa.gov/dashboard/chemical/details/DTXSID0022145,Diethyl benzylphosphonate,1080-32-6,AIPRAPZUGUTQKX-UHFFFAOYSA-N,Diethyl benzylphosphonate,CCOP(=O)(CC1=CC=CC=C1)OCC,"InChI=1S/C11H17O3P/c1-3-13-15(12,14-4-2)10-11-8-6-5-7-9-11/h5-9H,3-4,10H2,1-2H3",C11H17O3P,228.228,228.091531,50,,109,,1, ,,,11,17,3,,,,1,,,,,
https://comptox.epa.gov/dashboard/chemical/details/DTXSID6051512,Isobutyl phenylacetate,102-13-6,RJASFPFZACBKBE-UHFFFAOYSA-N,2-Methylpropyl phenylacetate,CC(C)COC(=O)CC1=CC=CC=C1,"InChI=1S/C12H16O2/c1-10(2)9-14-12(13)8-11-6-4-3-5-7-11/h3-7,10H,8-9H2,1-2H3",C12H16O2,192.258,192.115030,89,,84,,1, ,,,12,16,2,,,,,,,,,
https://comptox.epa.gov/dashboard/chemical/details/DTXSID6067707,Isopropyl isovalerate,32665-23-9,ZOIRKXLFEHOVER-UHFFFAOYSA-N,Propan-2-yl 3-methylbutanoate,CC(C)CC(=O)OC(C)C,"InChI=1S/C8H16O2/c1-6(2)5-8(9)10-7(3)4/h6-7H,5H2,1-4H3",C8H16O2,144.214,144.115030,58,,40,,, ,,,8,16,2,,,,,,,,,
https://comptox.epa.gov/dashboard/chemical/details/DTXSID30863029,"2,6-Dimethylcyclohexan-1-one",2816-57-1,AILVYPLQKCQNJC-UHFFFAOYSA-N,"2,6-Dimethylcyclohexan-1-one",CC1CCCC(C)C1=O,"InChI=1/C8H14O/c1-6-4-3-5-7(2)8(6)9/h6-7H,3-5H2,1-2H3",C8H14O,126.199,126.104465,23,,57,,1, ,,,8,14,1,,,,,,,,,
https://comptox.epa.gov/dashboard/chemical/details/DTXSID6041638,3-Phenyl-1-propanol,122-97-4,VAJVDSVGBWFCLW-UHFFFAOYSA-N,3-Phenylpropan-1-ol,OCCCC1=CC=CC=C1,"InChI=1S/C9H12O/c10-8-4-7-9-5-2-1-3-6-9/h1-3,5-6,10H,4,7-8H2",C9H12O,136.194,136.088815,175,13,147,9,1,1/402,0.0,402,9,12,1,,,,,,,,,
https://comptox.epa.gov/dashboard/chemical/details/DTXSID50466415,ETHYL 3-BUTYNOATE,53841-07-9,YUIKUBSCWKOQKS-UHFFFAOYSA-N,Ethyl but-3-ynoate,CCOC(=O)CC#C,"InChI=1S/C6H8O2/c1-3-5-6(7)8-4-2/h1H,4-5H2,2H3",C6H8O2,112.128,112.052429,2,,33,,5, ,,,6,8,2,,,,,,,,,
https://comptox.epa.gov/dashboard/chemical/details/DTXSID1026661,3-Cyclohexene-1-carboxaldehyde,100-50-5,DCFDVJPDXYGCOK-UHFFFAOYSA-N,Cyclohex-3-ene-1-carbaldehyde,O=CC1CCC=CC1,"InChI=1S/C7H10O/c8-6-7-4-2-1-3-5-7/h1-2,6-7H,3-5H2",C7H10O,110.156,110.073165,110,,97,,1,5/235,2.0,235,7,10,1,,,,,,,,,
